"","Round","Age","Sex","Cage","numMice","Trial","segment","Time","endDate","endTime","trialDur","cageType","trialType","TrueZero","Chewed","file_name","numVoids","totUrine","FP_Area","pct_cover","ChewSize"
"1",1,"Old","F",746,3,"","","light","8/1/2022","6:15:00 PM",12,"latrine","Accl","","","20220801_18.15_C1_746_F_latrine.csv",4,8.711,455.042,1.91432878723283,NA
"2",1,"Old","F",746,3,"","","dark","8/2/2022","6:08:00 AM",12,"latrine","Accl","","Y","20220802_06.08_C1_746_F_latrine_ps.csv",6,21.763,467.967,4.65054159801866,"smallChew"
"3",1,"Old","F",746,3,"","","light","8/2/2022","6:12:00 PM",12,"latrine","Accl","","","20220802_18.12_C1_746_F_latrine.csv",4,8.643,453.03,1.90782067412754,NA
"4",1,"Old","F",746,3,"","","dark","8/3/2022","6:08:00 AM",12,"latrine","Accl","","Y","20220803_06.08_C1_746_F_latrine_ps.csv",10,25.977,470.467,5.52153498545063,"smallChew"
"5",1,"Old","F",746,3,"08032022_746","","","8/5/2022","10:40:00 AM",48,"latrine","Record","","Y","20220805_10.40_C1_746_F_latrine_ps.csv",159,100.69,436.725,25.2972047728724,"bigChew"
"6",1,"Old","M",747,2,"","","light","8/1/2022","6:05:00 PM",12,"latrine","Accl","","","20220801_18.05_C1_747_M_latrine.csv",60,4.484,454.52,0.986535245973775,NA
"7",1,"Old","M",747,2,"","","dark","8/2/2022","6:02:00 AM",12,"latrine","Accl","","","20220802_06.02_C1_747_M_latrine.csv",66,90.011,470.381,19.135764412253,NA
"8",1,"Old","M",747,2,"","","light","8/2/2022","6:04:00 PM",12,"latrine","Accl","","","20220802_18.04_C1_747_M_latrine.csv",36,47.971,453.894,10.5687671570895,NA
"9",1,"Old","M",747,2,"","","dark","8/3/2022","6:03:00 AM",12,"latrine","Accl","","","20220803_06.03_C1_747_M_latrine.csv",50,41.521,445.831,9.31317023715264,NA
"10",1,"Old","M",747,2,"08032022_747","","","8/5/2022","10:44:00 AM",48,"latrine","Record","","Y","20220805_10.44_C1_747_M_latrine.csv",58,177.872,426.116,44.8137226825686,"bigChew"
"11",1,"Old","M",791,5,"","","light","8/15/2022","6:05:00 PM",12,"latrine","Accl","","","20220815_18.05_C2_791_M_latrine.csv",119,23.855,445.287,5.3572190519822,NA
"12",1,"Old","M",791,5,"","","dark","8/16/2022","6:02:00 AM",12,"latrine","Accl","","","20220816_06.02_C2_791_M_latrine.csv",110,193.647,477.949,40.5162475494247,NA
"13",1,"Old","M",791,5,"","","light","8/16/2022","3:49:00 PM",12,"latrine","Accl","","","20220816_15.49_C2_791_M_latrine.csv",79,41.002,444.51,9.2240894468066,NA
"14",1,"Old","M",791,5,"","","dark","8/17/2022","6:00:00 AM",12,"latrine","Accl","","","20220817_06.00_C2_791_M_latrine_ps.csv",139,192.708,457.543,42.1180085806143,NA
"15",1,"Old","M",791,5,"","","light","8/17/2022","5:56:00 PM",12,"latrine","Accl","","","20220817_17.56_C2_791_M_latrine_ps.csv",107,80.785,456.647,17.6909078566157,NA
"16",1,"Old","M",791,5,"","","dark","8/18/2022","6:05:00 AM",12,"latrine","Accl","","","20220818_06.05_C2_791_M_latrine.csv",321,60.039,451.382,13.3011506883305,NA
"17",1,"Old","M",791,5,"08182022_791","L1","light","8/18/2022","6:10:00 PM",12,"latrine","Record","","","20220818_18.10_C2_791_M_latrine_ps.csv",80,92.052,461.843,19.9314485658546,NA
"18",1,"Old","M",791,5,"08182022_791","D1","dark","8/19/2022","6:00:00 AM",12,"latrine","Record","","","20220819_06.00_C2_791_M_latrine_ps.csv",86,196.054,452.309,43.3451467912423,NA
"19",1,"Old","M",791,5,"08182022_791","L2","light","8/19/2022","6:11:00 PM",12,"latrine","Record","","","20220819_18.11_C2_791_M_latrine.csv",178,87.879,461.637,19.0363857316463,NA
"20",1,"Old","M",791,5,"08182022_791","D2","dark","8/20/2022","6:00:00 AM",12,"latrine","Record","","","20220820_06.00_C2_791_M_latrine.csv",175,147.585,462.008,31.9442520475836,NA
"21",1,"Old","M",791,5,"08202022_791","L1","light","8/20/2022","6:00:00 PM",12,"latrine","Record","","","20220820_18.00_C2_791_M_latrine_ps.csv",128,102.743,455.952,22.5337316208724,NA
"22",1,"Old","M",791,5,"08202022_791","D1","dark","8/21/2022","6:00:00 AM",12,"latrine","Record","","","20220821_06.00_C2_791_M_latrine_ps.csv",172,145.818,450.97,32.3343016165155,NA
"23",1,"Old","M",791,5,"08202022_791","L2","light","8/21/2022","6:15:00 PM",12,"latrine","Record","","","20220821_18.15_C2_791_M_latrine_ps.csv",98,79.047,443.414,17.8269066831449,NA
"24",1,"Old","M",791,5,"08202022_791","D2","dark","8/22/2022","6:00:00 AM",12,"latrine","Record","","","20220822_06.00_C2_791_M_latrine_ps.csv",248,49.236,447.661,10.998501097929,NA
"25",1,"Old","M",792,3,"","","light","8/15/2022","6:10:00 PM",12,"latrine","Accl","","","20220815_18.10_C2_792_M_latrine.csv",165,58.742,456.197,12.8764546895311,NA
"26",1,"Old","M",792,3,"","","dark","8/16/2022","6:00:00 AM",12,"latrine","Accl","","","20220816_06.00_C2_792_M_latrine.csv",79,21.853,454.109,4.81228075197805,NA
"27",1,"Old","M",792,3,"","","light","8/16/2022","6:03:00 PM",12,"latrine","Accl","","","20220816_18.03_C2_792_M_latrine.csv",118,125.389,460.612,27.2222608182158,NA
"28",1,"Old","M",792,3,"","","dark","8/17/2022","6:05:00 AM",12,"latrine","Accl","","","20220817_06.05_C2_792_M_latrine.csv",66,25.923,454.208,5.70729709736508,NA
"29",1,"Old","M",792,3,"","","light","8/17/2022","5:56:00 PM",12,"latrine","Accl","","","20220817_17.56_C2_792_M_latrine.csv",154,103.842,458.084,22.6687681735228,NA
"30",1,"Old","M",792,3,"","","dark","8/18/2022","6:00:00 AM",12,"latrine","Accl","","","20220818_06.00_C2_792_M_latrine.csv",178,102.366,462.311,22.1422375846562,NA
"31",1,"Old","M",792,3,"08182022_792","L2","light","8/18/2022","6:13:00 PM",12,"latrine","Record","","","20220818_18.13_C2_792_M_latrine_ps.csv",212,93.658,447.914,20.9098175096112,NA
"32",1,"Old","M",792,3,"08182022_792","D2","dark","8/19/2022","6:05:00 AM",12,"latrine","Record","","","20220819_06.05_C2_792_M_latrine_ps.csv",169,219.099,449.681,48.7232060060354,NA
"33",1,"Old","M",792,3,"08182022_792","L3","light","8/19/2022","6:05:00 PM",12,"latrine","Record","","","20220819_18.05_C2_792_M_latrine.csv",152,96.873,455.196,21.2816017715446,NA
"34",1,"Old","M",792,3,"08182022_792","D3","dark","8/20/2022","6:00:00 AM",12,"latrine","Record","","","20220820_06.00_C2_792_M_latrine_ps.csv",141,32.047,447.847,7.1557920450511,NA
"35",1,"Old","M",792,3,"08202022_792","L1","light","8/20/2022","6:00:00 PM",12,"latrine","Record","","","20220820_18.00_C2_792_M_latrine_ps.csv",184,116.577,450.312,25.8880509513404,NA
"36",1,"Old","M",792,3,"08202022_792","D1","dark","8/21/2022","6:00:00 AM",12,"latrine","Record","","","20220821_06.00_C2_792_M_latrine_ps.csv",193,143.602,466.534,30.7806076298834,NA
"37",1,"Old","M",792,3,"08202022_792","L2","light","8/21/2022","6:00:00 PM",12,"latrine","Record","","","20220821_18.00_C2_792_M_latrine_ps.csv",221,93.045,443.467,20.9812680537672,NA
"38",1,"Old","M",792,3,"08202022_792","D2","dark","8/22/2022","6:00:00 AM",12,"latrine","Record","","Y","20220822_06.00_C2_792_M_latrine.csv",131,130.433,470.477,27.7235656578324,"smallChew"
"39",1,"Young","M",875,4,"","","light","10/25/2022","6:00:00 PM",12,"latrine","Accl","","","20221025_18.00_C3_875_M_latrine.csv",149,89.931,431.66,20.8337580503174,NA
"40",1,"Young","M",875,4,"","","dark","10/26/2022","6:00:00 AM",12,"latrine","Accl","","Y","20221026_06.00_C3_875_M_latrine.csv",134,144.491,449.008,32.3038639005484,"bigChew"
"41",1,"Young","M",875,4,"","","light","10/26/2022","6:03:00 PM",12,"latrine","Accl","","","20221026_18.03_C3_875_M_latrine.csv",190,99.618,437.037,22.7939510842331,NA
"42",1,"Young","M",875,4,"","","dark","10/27/2022","6:00:00 AM",12,"latrine","Accl","","Y","20221027_06.00_C3_875_M_latrine.csv",190,77.436,452.268,17.1217065987423,"smallChew"
"43",1,"Young","M",875,4,"10272022_875","L1","light","10/27/2022","6:02:00 PM",12,"latrine","Record","","","20221027_18.02_C3_875_M_latrine.csv",67,38.761,442.905,8.75153814023323,NA
"44",1,"Young","M",875,4,"10272022_875","D1","dark","10/28/2022","6:03:00 AM",12,"latrine","Record","","Y","20221028_06.03_C3_875_M_latrine.csv",87,238.057,460.165,51.7329653493856,"smallChew"
"45",1,"Young","M",875,4,"10272022_875","L2","light","10/28/2022","6:02:00 PM",12,"latrine","Record","","Y","20221028_18.02_C3_875_M_latrine.csv",117,82.141,427.27,23.2755486364715,"bigChew"
"46",1,"Young","M",875,4,"10272022_875","D2","dark","10/29/2022","6:00:00 AM",12,"latrine","Record","","Y","20221029_06.00_C3_875_M_latrine.csv",87,127.377,445.994,29.1693409707867,"bigChew"
"47",1,"Young","M",875,4,"10292022_875","L1","light","10/29/2022","6:05:00 PM",12,"latrine","Ctrl","","Y","20221029_18.05_C3_875_M_latrine.csv",228,51.49,393.481,23.9731467182866,"bigChew"
"48",1,"Young","M",875,4,"10292022_875","L1","light","10/29/2022","6:12:00 PM",12,"home","Ctrl","","Y","20221029_18.12_C3_875_M_home.csv",155,28.014,431.603,10.2795053404521,"bigChew"
"49",1,"Young","M",875,4,"10292022_875","D1","dark","10/30/2022","6:00:00 AM",12,"home","Ctrl","","Y","20221030_06.00_C3_875_M_home.csv",70,133.309,394.075,42.0299995530313,"bigChew"
"50",1,"Young","M",875,4,"10292022_875","D1","dark","10/30/2022","6:00:00 AM",12,"latrine","Ctrl","","Y","20221030_06.00_C3_875_M_latrine.csv",171,65.79,441.081,16.5703372458704,"bigChew"
"51",1,"Young","M",875,4,"10292022_875","L2","light","10/30/2022","6:00:00 PM",12,"home","Ctrl","","Y","20221030_18.00_C3_875_M_home_ps.csv",138,150.72,435.386,36.7168720337897,"bigChew"
"52",1,"Young","M",875,4,"10292022_875","L2","light","10/30/2022","6:00:00 PM",12,"latrine","Ctrl","","Y","20221030_18.00_C3_875_M_latrine.csv",141,56.987,446.904,13.3188810493672,"bigChew"
"53",1,"Young","M",875,4,"10292022_875","D2","dark","10/31/2022","6:00:00 AM",12,"home","Ctrl","","Y","20221031_06.00_C3_875_M_home.csv",68,19.395,367.035,22.717336787065,"bigChew"
"54",1,"Young","M",875,4,"10292022_875","D2","dark","10/31/2022","6:00:00 AM",12,"latrine","Ctrl","","Y","20221031_06.00_C3_875_M_latrine.csv",164,64.932,452.662,14.3444777781214,"smallChew"
"55",1,"Young","M",876,4,"","","light","10/25/2022","6:03:00 PM",12,"latrine","Accl","","","20221025_18.03_C3_876_M_latrine.csv",120,25.049,437.346,5.72750179491752,NA
"56",1,"Young","M",876,4,"","","dark","10/26/2022","6:05:00 AM",12,"latrine","Accl","","Y","20221026_06.05_C3_876_M_latrine.csv",232,66.062,436.961,17.5467077925026,"bigChew"
"57",1,"Young","M",876,4,"","","light","10/26/2022","6:00:00 PM",12,"latrine","Accl","","Y","20221026_18.00_C3_876_M_latrine.csv",205,56.815,430.088,17.0189519460307,"bigChew"
"58",1,"Young","M",876,4,"","","dark","10/27/2022","6:00:00 AM",12,"latrine","Accl","","Y","20221027_06.00_C3_876_M_latrine.csv",160,68.459,454.571,15.0601336204905,"smallChew"
"59",1,"Young","M",876,4,"10272022_876","L1","light","10/27/2022","6:06:00 PM",12,"latrine","Record","","","20221027_18.06_C3_876_M_latrine.csv",245,134.26,452.18,29.6917156884427,NA
"60",1,"Young","M",876,4,"10272022_876","D1","dark","10/28/2022","6:06:00 AM",12,"latrine","Record","","","20221028_06.06_C3_876_M_latrine.csv",227,120.933,468.169,25.8310567337863,NA
"61",1,"Young","M",876,4,"10272022_876","L2","light","10/28/2022","6:12:00 PM",12,"latrine","Record","","Y","20221028_18.12_C3_876_M_latrine.csv",216,74.082,459.994,16.1049926738175,"smallChew"
"62",1,"Young","M",876,4,"10272022_876","D2","dark","10/29/2022","6:00:00 AM",12,"latrine","Record","","Y","20221029_06.00_C3_876_M_latrine_ps.csv",213,144.69,450.531,32.1154371175346,"smallChew"
"63",1,"Young","M",876,4,"10292022_876","L1","light","10/29/2022","6:19:00 PM",12,"home","Ctrl","","","20221029_18.19_C3_876_M_home_ps.csv",138,78.308,457.414,17.1197208655616,NA
"64",1,"Young","M",876,4,"10292022_876","L1","light","10/29/2022","6:23:00 PM",12,"latrine","Ctrl","","Y","20221029_18.23_C3_876_M_latrine.csv",101,46.231,364.389,29.271379695947,"bigChew"
"65",1,"Young","M",876,4,"10292022_876","D1","dark","10/30/2022","6:05:00 AM",12,"home","Ctrl","","","20221030_06.05_C3_876_M_home.csv",131,155.817,453.256,34.3772614151826,NA
"66",1,"Young","M",876,4,"10292022_876","D1","dark","10/30/2022","6:05:00 AM",12,"latrine","Ctrl","","Y","20221030_06.05_C3_876_M_latrine.csv",125,71.897,319.628,44.9277659636302,"bigChew"
"67",1,"Young","M",876,4,"10292022_876","L2","light","10/30/2022","6:00:00 PM",12,"home","Ctrl","","","20221030_18.00_C3_876_M_home_ps.csv",104,181.675,452.904,40.1133573560843,NA
"68",1,"Young","M",876,4,"10292022_876","L2","light","10/30/2022","6:00:00 PM",12,"latrine","Ctrl","","Y","20221030_18.00_C3_876_M_latrine.csv",130,69.859,393.401,28.0744810112777,"bigChew"
"69",1,"Young","M",876,4,"10292022_876","D2","dark","10/31/2022","6:05:00 AM",12,"home","Ctrl","","Y","20221031_06.05_C3_876_M_home.csv",85,14.46,354.858,24.3272811173724,"bigChew"
"70",1,"Young","M",876,4,"10292022_876","D2","dark","10/31/2022","6:05:00 AM",12,"latrine","Ctrl","","Y","20221031_06.05_C3_876_M_latrine.csv",139,74.783,386.273,30.7537200431563,"bigChew"
"71",1,"Old","F",81,4,"","","dark","9/18/2023","6:00:00 AM",12,"latrine","Accl","","Y","20230918_06.00_C4_081_F_latrine_ps.csv",10,31.705,454.637,6.97369549772676,"smallChew"
"72",1,"Old","F",81,4,"","","light","9/18/2023","6:00:00 PM",12,"latrine","Accl","","","20230918_18.00_C4_081_F_latrine.csv",2,12.295,451.761,2.72157180456038,NA
"73",1,"Old","F",81,4,"","","dark","9/19/2023","6:00:00 AM",12,"latrine","Accl","","Y","20230919_06.00_C4_081_F_latrine_ps.csv",25,70.399,466.435,15.0929925927514,"smallChew"
"74",1,"Old","F",81,4,"","","light","9/19/2023","6:00:00 PM",12,"latrine","Accl","","","20230919_18.00_C4_081_F_latrine.csv",23,16.185,432.84,3.73925700027724,NA
"75",1,"Old","F",81,4,"","","dark","9/20/2023","6:00:00 AM",12,"latrine","Accl","","Y","20230920_06.00_C4_081_F_latrine_ps.csv",50,77.565,455.944,17.0119576088292,"smallChew"
"76",1,"Old","F",81,4,"","","light","9/20/2023","6:00:00 PM",12,"latrine","Accl","","","20230920_18.00_C4_081_F_latrine.csv",6,29.35,447.679,6.55603680315583,NA
"77",1,"Old","F",81,4,"","","dark","9/21/2023","6:00:00 AM",12,"latrine","Accl","","","20230921_06.00_C4_081_F_latrine.csv",5,22.474,445.359,5.04626604604375,NA
"78",1,"Old","F",81,4,"","","light","9/21/2023","6:00:00 PM",12,"latrine","Accl","","","20230921_18.00_C4_081_F_latrine.csv",11,20.264,441.266,4.59224141447562,NA
"79",1,"Old","F",81,4,"","","dark","9/22/2023","6:00:00 AM",12,"latrine","Accl","","Y","20230922_06.00_C4_081_F_latrine.csv",5,32.413,448.29,7.54780195315331,"bigChew"
"80",1,"Old","F",81,4,"","","light","9/22/2023","6:00:00 PM",12,"latrine","Accl","","","20230922_18.00_C4_081_F_latrine.csv",4,18.527,429.553,4.31308825686237,NA
"81",1,"Old","F",81,4,"","","dark","9/23/2023","6:00:00 AM",12,"latrine","Accl","","Y","20230923_06.00_C4_081_F_latrine_ps.csv",18,25.365,452.975,5.5996467796236,"smallChew"
"82",1,"Old","F",81,4,"09232023_81","L1","light","9/23/2023","6:00:00 PM",12,"latrine","Record","","","20230923_18.00_C4_081_F_latrine.csv",2,12.133,432.478,2.80546062458668,NA
"83",1,"Old","F",81,4,"09232023_81","D1","dark","9/24/2023","6:00:00 AM",12,"latrine","Record","","Y","20230924_06.00_C4_081_F_latrine_ps.csv",72,23.34,449.104,5.3498566902771,"bigChew"
"84",1,"Old","F",81,4,"09232023_81","L2","light","9/24/2023","6:00:00 PM",12,"latrine","Record","","","20230924_18.00_C4_081_F_latrine.csv",2,16.021,444.446,3.60471238350666,NA
"85",1,"Old","F",81,4,"09232023_81","D2","dark","9/25/2023","6:00:00 AM",12,"latrine","Record","","Y","20230925_06.00_C4_081_latrine_ps.csv",151,33.773,441.182,9.43029416373648,"bigChew"
"86",1,"Old","F",82,2,"","","light","10/2/2023","6:00:00 PM",12,"latrine","Accl","Y","","",0,0,449.829218543046,0,NA
"87",1,"Old","F",82,2,"","","dark","10/3/2023","6:00:00 AM",12,"latrine","Accl","","","20231003_06.00_C5_082_F_latrine.csv",3,22.017,443.301,4.96660282742426,NA
"88",1,"Old","F",82,2,"","","light","10/3/2023","6:00:00 PM",12,"latrine","Accl","Y","","",0,0,449.829218543046,0,NA
"89",1,"Old","F",82,2,"","","dark","10/4/2023","6:00:00 AM",12,"latrine","Accl","","Y","20231004_06.00_C5_082_F_latrine_ps.csv",7,17.985,451.801,3.98073488106489,"smallChew"
"90",1,"Old","F",82,2,"10042023_82","L1","light","10/4/2023","6:00:00 PM",12,"latrine","Record","","","20231004_18.00_C5_082_F_latrine.csv",4,6.959,439.112,1.58478930204595,NA
"91",1,"Old","F",82,2,"10042023_82","D1","dark","10/5/2023","6:00:00 AM",12,"latrine","Record","","","20231005_06.00_C5_082_F_latrine.csv",4,24.795,433.369,5.72145215739935,NA
"92",1,"Old","F",82,2,"10042023_82","L2","light","10/5/2023","6:00:00 PM",12,"latrine","Record","","","20231005_18.00_C5_082_F_latrine.csv",3,22.078,450.079,4.90536105883634,NA
"93",1,"Old","F",82,2,"10042023_82","D2","dark","10/6/2023","6:00:00 AM",12,"latrine","Record","","","20231006_06.00_C5_082_F_latrine.csv",9,21.604,444.586,4.85935229629363,NA
"94",1,"Old","M",83,2,"","","light","10/2/2023","6:00:00 PM",12,"latrine","Accl","Y","","",0,0,449.829218543046,0,NA
"95",1,"Old","M",83,2,"","","dark","10/3/2023","6:00:00 AM",12,"latrine","Accl","","","20231003_06.00_C5_083_M_latrine.csv",53,3.06,426.321,0.717769005045494,NA
"96",1,"Old","M",83,2,"","","light","10/3/2023","6:00:00 PM",12,"latrine","Accl","Y","","",0,0,449.829218543046,0,NA
"97",1,"Old","M",83,2,"","","dark","10/4/2023","6:00:00 AM",12,"latrine","Accl","","","20231004_06.00_C5_083_M_latrine.csv",21,2.187,432.293,0.505906873347475,NA
"98",1,"Old","M",83,2,"10042023_83","L1","light","10/4/2023","6:00:00 PM",12,"latrine","Record","Y","","",0,0,449.829218543046,0,NA
"99",1,"Old","M",83,2,"10042023_83","D1","dark","10/5/2023","6:00:00 AM",12,"latrine","Record","","","20231005_06.00_C5_083_M_latrine.csv",10,16.394,444.454,3.68857069573004,NA
"100",1,"Old","M",83,2,"10042023_83","L2","light","10/5/2023","6:00:00 PM",12,"latrine","Record","Y","","",0,0,449.829218543046,0,NA
"101",1,"Old","M",83,2,"10042023_83","D2","dark","10/6/2023","6:00:00 AM",12,"latrine","Record","","","20231006_06.00_C5_083_M_latrine.csv",95,5.229,449.897,1.16226602978015,NA
"102",1,"Young","F",84,4,"","","light","10/17/2023","6:00:00 PM",12,"latrine","Accl","Y","","",0,0,449.829218543046,0,NA
"103",1,"Young","F",84,4,"","","dark","10/18/2023","6:00:00 AM",12,"latrine","Accl","Y","Y","20231018_06.00_C6_084_F_latrine.csv",0,0,361.757,19.5790346452602,NA
"104",1,"Young","F",84,4,"","","light","10/18/2023","6:00:00 PM",12,"latrine","Accl","Y","Y","20231018_18.00_C6_084_F_latrine.csv",0,0,431.693,4.03180091364181,NA
"105",1,"Young","F",84,4,"","","dark","10/19/2023","6:00:00 AM",12,"latrine","Accl","","Y","20231019_06.00_C6_084_F_latrine.csv",4,11.558,451.404,2.56045582227893,"smallChew"
"106",1,"Young","F",84,4,"","","light","10/19/2023","6:00:00 PM",12,"latrine","Accl","Y","Y","20231019_18.00_C6_084_F_latrine.csv",0,0,409.334,9.00235397651724,NA
"107",1,"Young","F",84,4,"","","light","10/23/2023","6:00:00 PM",12,"latrine","Accl","Y","Y","20231023_18.00_C6_084_F_latrine.csv",0,0,401.295,10.789476659663,NA
"108",1,"Young","F",84,4,"","","dark","10/24/2023","6:00:00 AM",12,"latrine","Accl","","Y","20231024_06.00_C6_084_F_latrine.csv",17,13.891,406.841,12.6446251595823,"bigChew"
"109",1,"Young","F",84,4,"","","light","10/24/2023","6:00:00 PM",12,"latrine","Accl","Y","","",0,0,449.829218543046,0,NA
"110",1,"Young","F",84,4,"","","dark","10/25/2023","6:00:00 AM",12,"latrine","Accl","","Y","20231025_06.00_C6_084_F_latrine_ps.csv",19,5.198,435.595,4.31991025527097,"bigChew"
"111",1,"Young","F",84,4,"10252023_84","L1","light","10/25/2023","6:00:00 PM",12,"latrine","Record","","Y","20231025_18.00_C6_084_F_latrine_ps.csv",24,9.489,457.293,2.07503722995979,"smallChew"
"112",1,"Young","F",84,4,"10252023_84","D1","dark","10/26/2023","6:00:00 AM",12,"latrine","Record","","Y","20231026_06.00_C6_084_F_latrine.csv",9,7.9,449.338,1.86542318665397,"bigChew"
"113",1,"Young","F",84,4,"10252023_84","L2","light","10/26/2023","6:00:00 PM",12,"latrine","Record","","Y","20231026_18.00_C6_084_F_latrine_ps.csv",28,6.332,460.014,1.37647984626555,"smallChew"
"114",1,"Young","F",84,4,"10252023_84","D2","dark","10/27/2023","6:00:00 AM",12,"latrine","Record","","Y","20231027_06.00_C6_084_F_latrine_ps.csv",91,37.048,454.381,8.15350993989626,"smallChew"
"115",1,"Young","F",84,4,"10272023_84","L1","light","10/27/2023","6:00:00 PM",12,"home","Ctrl","","Y","20231027_18.00_C6_084_F_home.csv",8,48.469,376.93,26.9809548913133,"bigChew"
"116",1,"Young","F",84,4,"10272023_84","L1","light","10/27/2023","6:00:00 PM",12,"latrine","Ctrl","","Y","20231027_18.00_C6_084_F_latrine_ps.csv",16,11.735,445.988,3.4626960412879,"bigChew"
"117",1,"Young","F",84,4,"10272023_84","D1","dark","10/28/2023","6:00:00 AM",12,"home","Ctrl","","Y","20231028_06.00_C6_084_F_home.csv",26,46.331,392.375,23.0721381059231,"bigChew"
"118",1,"Young","F",84,4,"10272023_84","D1","dark","10/28/2023","6:00:00 AM",12,"latrine","Ctrl","","Y","20231028_06.00_C6_084_F_latrine_ps.csv",88,29.967,308.591,38.0600484551812,"bigChew"
"119",1,"Young","F",85,4,"","","light","10/17/2023","6:00:00 PM",12,"latrine","Accl","","","20231017_18.00_C6_085_F_latrine.csv",25,4.202,427.16,0.983706339544901,NA
"120",1,"Young","F",85,4,"","","dark","10/18/2023","6:00:00 AM",12,"latrine","Accl","","","20231018_06.00_C6_085_F_latrine.csv",57,5.389,446.674,1.2064727295522,NA
"121",1,"Young","F",85,4,"","","light","10/18/2023","6:00:00 PM",12,"latrine","Accl","","","20231018_18.00_C6_085_F_latrine.csv",28,1.489,445.694,0.334085718003832,NA
"122",1,"Young","F",85,4,"","","dark","10/19/2023","6:00:00 AM",12,"latrine","Accl","","Y","20231019_06.00_C6_085_F_latrine_ps.csv",37,15.386,445.457,4.3923822038598,"bigChew"
"123",1,"Young","F",85,4,"","","light","10/19/2023","6:00:00 PM",12,"latrine","Accl","","","20231019_18.00_C6_085_F_latrine.csv",30,26.91,427.682,6.29205811794745,NA
"124",1,"Young","F",85,4,"","","light","10/23/2023","6:00:00 PM",12,"latrine","Accl","","Y","20231023_18.00_C6_085_F_latrine_ps.csv",38,18.674,447.366,4.69894299252231,"bigChew"
"125",1,"Young","F",85,4,"","","dark","10/24/2023","6:00:00 AM",12,"latrine","Accl","","Y","20231024_06.00_C6_085_F_latrine_ps.csv",40,19.39,449.881,4.31002865202131,"smallChew"
"126",1,"Young","F",85,4,"","","light","10/24/2023","6:00:00 PM",12,"latrine","Accl","Y","","",0,0,449.829218543046,0,NA
"127",1,"Young","F",85,4,"","","dark","10/25/2023","6:00:00 AM",12,"latrine","Accl","","Y","20231025_06.00_C6_085_F_latrine.csv",61,7.713,421.418,8.03065186829109,"bigChew"
"128",1,"Young","F",85,4,"10252023_85","L1","light","10/25/2023","6:00:00 PM",12,"latrine","Record","Y","","",0,0,449.829218543046,0,NA
"129",1,"Young","F",85,4,"10252023_85","D1","dark","10/26/2023","6:00:00 AM",12,"latrine","Record","","Y","20231026_06.00_C6_085_F_latrine_ps.csv",39,16.061,444.518,4.75118504135168,"bigChew"
"130",1,"Young","F",85,4,"10252023_85","L2","light","10/26/2023","6:00:00 PM",12,"latrine","Record","","Y","20231026_18.00_C6_085_F_latrine_ps.csv",13,32.519,451.524,7.20205348995845,"smallChew"
"131",1,"Young","F",85,4,"10252023_85","D2","dark","10/27/2023","6:00:00 AM",12,"latrine","Record","","Y","20231027_06.00_C6_085_F_latrine_ps.csv",27,25.035,442.813,7.12519712411239,"bigChew"
"132",1,"Young","F",85,4,"10272023_85","L1","light","10/27/2023","6:00:00 PM",12,"home","Ctrl","","Y","20231027_18.00_C6_085_F_home_ps.csv",75,131.81,416.813,36.6419547127024,"bigChew"
"133",1,"Young","F",85,4,"10272023_85","L1","light","10/27/2023","6:00:00 PM",12,"latrine","Ctrl","","Y","20231027_18.00_C6_085_F_latrine_ps.csv",59,42.266,431.109,13.5576383278469,"bigChew"
"134",1,"Young","F",85,4,"10272023_85","D1","dark","10/28/2023","6:00:00 AM",12,"home","Ctrl","","Y","20231028_06.00_C6_085_F_home_ps.csv",84,67.856,369.544,32.9327692458177,"bigChew"
"135",1,"Young","F",85,4,"10272023_85","D1","dark","10/28/2023","6:00:00 AM",12,"latrine","Ctrl","","Y","20231028_06.00_C6_085_F_latrine_ps.csv",153,106.178,398.17,35.0882539498581,"bigChew"
"136",2,"Young","M",86,3,"","","dark","4/22/2024","6:00:00 AM",12,"latrine","Accl","","Y","20240422_06.00_C8_86_M_latrine.csv",226,127.285,446.57,29.0208401681568,"bigChew"
"137",2,"Young","M",86,3,"","","light","4/22/2024","6:00:00 PM",12,"latrine","Accl","","","20240422_18.00_C8_86_M_latrine.csv",187,48.822,441.739,11.0522276729019,NA
"138",2,"Young","M",86,3,"","","dark","4/23/2024","6:00:00 AM",12,"latrine","Accl","","Y","20240423_06.00_C8_86_M_latrine.csv",172,97.461,447.58,22.1662387485629,"bigChew"
"139",2,"Young","M",86,3,"","","light","4/23/2024","6:00:00 PM",12,"latrine","Accl","","Y","20240423_18.00_C8_86_M_latrine.csv",49,159.315,431.475,39.4970382578748,"bigChew"
"140",2,"Young","M",86,3,"04232024_86","D1","dark","4/24/2024","6:00:00 AM",12,"latrine","Record","","Y","20240424_06.00_C8_86_M_latrine.csv",192,187.817,447.453,42.2812060005937,"bigChew"
"141",2,"Young","M",86,3,"04232024_86","L2","light","4/24/2024","6:00:00 PM",12,"latrine","Record","","Y","20240424_18.00_C8_86_M_latrine.csv",91,65.343,441.42,16.3956042655305,"bigChew"
"142",2,"Young","M",86,3,"04232024_86","D2","dark","4/25/2024","6:00:00 AM",12,"latrine","Record","","Y","20240425_06.00_C8_86_M_latrine.csv",165,166.914,415.883,44.6525504042653,"bigChew"
"143",2,"Young","M",86,3,"04232024_86","L3","light","4/25/2024","6:00:00 PM",12,"latrine","Record","","","20240425_18.00_C8_86_M_latrine.csv",106,116.357,450.11,25.8507920286152,NA
"144",2,"Young","M",86,3,"04252024_86","D1","dark","4/26/2024","6:00:00 AM",12,"home","Ctrl","","Y","20240426_06.00_C8_86_M_home_ps.csv",80,233.118,443.359,53.2620400513443,"bigChew"
"145",2,"Young","M",86,3,"04252024_86","D1","dark","4/26/2024","6:00:00 AM",12,"latrine","Ctrl","","Y","20240426_06.00_C8_86_M_latrine.csv",166,168.937,429.33,42.112919911386,"bigChew"
"146",2,"Young","M",86,3,"04252024_86","L2","light","4/26/2024","6:00:00 PM",12,"home","Ctrl","","Y","20240426_18.00_C8_86_M_home_ps.csv",73,180.695,436.554,43.1208579939065,"bigChew"
"147",2,"Young","M",86,3,"04252024_86","L2","light","4/26/2024","6:00:00 PM",12,"latrine","Ctrl","","Y","20240426_18.00_C8_86_M_latrine.csv",86,105.38,448.52,23.7177164454996,"bigChew"
"148",2,"Young","M",86,3,"04252024_86","D2","dark","4/27/2024","6:00:00 AM",12,"home","Ctrl","","Y","20240427_06.00_C8_86_M_home_ps.csv",93,98.019,444.105,23.0628012291111,"bigChew"
"149",2,"Young","M",86,3,"04252024_86","D2","dark","4/27/2024","6:00:00 AM",12,"latrine","Ctrl","","Y","20240427_06.00_C8_86_M_latrine.csv",154,136.643,416.794,37.7205862910857,"bigChew"
"150",2,"Young","M",86,3,"04252024_86","L3","light","4/27/2024","6:00:00 PM",12,"home","Ctrl","","Y","20240427_18.00_C8_86_M_home_ps.csv",63,108.387,440.372,26.1975464654636,"bigChew"
"151",2,"Young","M",86,3,"04252024_86","L3","light","4/27/2024","6:00:00 PM",12,"latrine","Ctrl","","Y","20240427_18.00_C8_86_M_latrine_ps.csv",64,96.234,443.132,22.8822882774113,"bigChew"
"152",2,"Young","M",87,3,"","","dark","4/22/2024","6:00:00 AM",12,"latrine","Accl","","","20240422_06.00_C8_87_M_latrine.csv",112,13.26,446.478,2.9699111714351,NA
"153",2,"Young","M",87,3,"","","light","4/22/2024","6:00:00 PM",12,"latrine","Accl","Y","","",0,0,449.829218543046,0,NA
"154",2,"Young","M",87,3,"","","dark","4/23/2024","6:00:00 AM",12,"latrine","Accl","","","20240423_06.00_C8_87_M_latrine.csv",36,2.324,448.982,0.51761540551737,NA
"155",2,"Young","M",87,3,"","","light","4/23/2024","6:00:00 PM",12,"latrine","Accl","Y","","",0,0,449.829218543046,0,NA
"156",2,"Young","M",87,3,"04232024_87","D1","dark","4/24/2024","6:00:00 AM",12,"latrine","Record","","","20240424_06.00_C8_87_M_latrine.csv",37,1.702,459.12,0.370709182784457,NA
"157",2,"Young","M",87,3,"04232024_87","L2","light","4/24/2024","6:00:00 PM",12,"latrine","Record","Y","","",0,0,449.829218543046,0,NA
"158",2,"Young","M",87,3,"04232024_87","D2","dark","4/25/2024","6:00:00 AM",12,"latrine","Record","","","20240425_06.00_C8_87_M_latrine.csv",45,6.887,446.442,1.54264159734075,NA
"159",2,"Young","M",87,3,"04232024_87","L3","light","4/25/2024","6:00:00 PM",12,"latrine","Record","","","20240425_18.00_C8_87_M_latrine.csv",24,13.11,452.509,2.89717994559224,NA
"160",2,"Young","M",87,3,"04252024_87","D1","dark","4/26/2024","6:00:00 AM",12,"home","Ctrl","","Y","20240426_06.00_C8_87_M_home_ps.csv",19,202.224,343.33,68.6312062037613,"bigChew"
"161",2,"Young","M",87,3,"04252024_87","D1","dark","4/26/2024","6:00:00 AM",12,"latrine","Ctrl","","","20240426_06.00_C8_87_M_latrine.csv",88,24.958,443.889,5.62257681537502,NA
"162",2,"Young","M",87,3,"04252024_87","L2","light","4/26/2024","6:00:00 PM",12,"home","Ctrl","","Y","20240426_18.00_C8_87_M_home_ps.csv",14,162.29,451.001,35.9843991476737,"smallChew"
"163",2,"Young","M",87,3,"04252024_87","L2","light","4/26/2024","6:00:00 PM",12,"latrine","Ctrl","","","20240426_18.00_C8_87_M_latrine.csv",22,11.436,451.113,2.53506327682864,NA
"164",2,"Young","M",87,3,"04252024_87","D2","dark","4/27/2024","6:00:00 AM",12,"home","Ctrl","","Y","20240427_06.00_C8_87_M_home_ps.csv",59,125.611,413.159,36.07618443921,"bigChew"
"165",2,"Young","M",87,3,"04252024_87","D2","dark","4/27/2024","6:00:00 AM",12,"latrine","Ctrl","","","20240427_06.00_C8_87_M_latrine.csv",82,17.654,446.373,3.95498831694569,NA
"166",2,"Young","M",87,3,"04252024_87","L3","light","4/27/2024","6:00:00 PM",12,"home","Ctrl","","","20240427_18.00_C8_87_M_home_ps.csv",45,77.572,445.595,17.408633400285,NA
"167",2,"Young","M",87,3,"04252024_87","L3","light","4/27/2024","6:00:00 PM",12,"latrine","Ctrl","","","20240427_18.00_C8_87_M_latrine.csv",27,26.716,439.835,6.07409596780611,NA
"168",2,"Young","F",88,3,"","","dark","4/22/2024","6:00:00 AM",12,"latrine","Accl","","","20240422_06.00_C8_88_F_latrine.csv",26,2.373,439.501,0.539930512103499,NA
"169",2,"Young","F",88,3,"","","light","4/22/2024","6:00:00 PM",12,"latrine","Accl","","","20240422_18.00_C8_88_F_latrine.csv",43,14.656,440.76,3.32516562301479,NA
"170",2,"Young","F",88,3,"","","dark","4/23/2024","6:00:00 AM",12,"latrine","Accl","","Y","20240423_06.00_C8_88_F_latrine_ps.csv",22,35.978,454.888,7.90919962716097,"smallChew"
"171",2,"Young","F",88,3,"","","light","4/23/2024","6:00:00 PM",12,"latrine","Accl","","","20240423_18.00_C8_88_F_latrine.csv",16,38.699,455.899,8.4885029359573,NA
"172",2,"Young","F",88,3,"04232024_88","D1","dark","4/24/2024","6:00:00 AM",12,"latrine","Record","","Y","20240424_06.00_C8_88_F_latrine.csv",62,76.27,460.207,16.5729769429844,"smallChew"
"173",2,"Young","F",88,3,"04232024_88","L2","light","4/24/2024","6:00:00 PM",12,"latrine","Record","","","20240424_18.00_C8_88_F_latrine.csv",13,22.066,450.073,4.90276021889782,NA
"174",2,"Young","F",88,3,"04232024_88","D2","dark","4/25/2024","6:00:00 AM",12,"latrine","Record","","Y","20240425_06.00_C8_88_F_latrine.csv",65,35.46,430.562,12.1662213762598,"bigChew"
"175",2,"Young","F",88,3,"04232024_88","L3","light","4/25/2024","6:00:00 PM",12,"latrine","Record","","Y","20240425_18.00_C8_88_F_latrine_ps.csv",8,6.792,430.729,5.75601083160155,"bigChew"
"176",2,"Young","F",88,3,"04252024_88","D1","dark","4/26/2024","6:00:00 AM",12,"home","Ctrl","","Y","20240426_06.00_C8_88_F_home_ps.csv",59,216.954,435.837,51.3408664939683,"bigChew"
"177",2,"Young","F",88,3,"04252024_88","D1","dark","4/26/2024","6:00:00 AM",12,"latrine","Ctrl","","Y","20240426_06.00_C8_88_F_latrine.csv",182,70.042,417.565,22.7433466581843,"bigChew"
"178",2,"Young","F",88,3,"04252024_88","L2","light","4/26/2024","6:00:00 PM",12,"home","Ctrl","","Y","20240426_18.00_C8_88_F_home_ps.csv",97,98.145,445.287,22.8280454692651,"bigChew"
"179",2,"Young","F",88,3,"04252024_88","L2","light","4/26/2024","6:00:00 PM",12,"latrine","Ctrl","","Y","20240426_18.00_C8_88_F_latrine.csv",109,94.345,459.525,20.5309830803547,"smallChew"
"180",2,"Young","F",88,3,"04252024_88","D2","dark","4/27/2024","6:00:00 AM",12,"home","Ctrl","","Y","20240427_06.00_C8_88_F_home_ps.csv",121,123.91,428.141,32.3674435855067,"bigChew"
"181",2,"Young","F",88,3,"04252024_88","D2","dark","4/27/2024","6:00:00 AM",12,"latrine","Ctrl","","Y","20240427_06.00_C8_88_F_latrine_ps.csv",134,64.941,462.085,14.0539078308103,"smallChew"
"182",2,"Young","F",88,3,"04252024_88","L3","light","4/27/2024","6:00:00 PM",12,"home","Ctrl","","Y","20240427_18.00_C8_88_F_home_ps.csv",88,143.654,439.387,34.2566049938128,"bigChew"
"183",2,"Young","F",88,3,"04252024_88","L3","light","4/27/2024","6:00:00 PM",12,"latrine","Ctrl","","Y","20240427_18.00_C8_88_F_latrine_ps.csv",100,58.96,444.27,14.3430475130135,"bigChew"
"184",2,"Young","F",89,3,"","","dark","4/29/2024","6:00:00 AM",12,"latrine","Accl","","","20240429_06.00_C9_89_F_latrine.csv",36,1.565,441.567,0.354419601102437,NA
"185",2,"Young","F",89,3,"","","light","4/29/2024","6:00:00 PM",12,"latrine","Accl","Y","","",0,0,449.829218543046,0,NA
"186",2,"Young","F",89,3,"","","dark","4/30/2024","6:00:00 AM",12,"latrine","Accl","Y","Y","20240430_06.00_C9_89_F_latrine.csv",0,0,436.277,3.01274750158309,NA
"187",2,"Young","F",89,3,"","","light","4/30/2024","6:00:00 PM",12,"latrine","Accl","Y","","",0,0,449.829218543046,0,NA
"188",2,"Young","F",89,3,"04272024_89","D1","dark","5/1/2024","6:00:00 AM",12,"latrine","Record","","","20240501_06.00_C9_89_F_latrine_ps.csv",26,35.07,454.059,7.72366586721109,NA
"189",2,"Young","F",89,3,"04272024_89","L2","light","5/1/2024","6:00:00 PM",12,"latrine","Record","Y","","",0,0,449.829218543046,0,NA
"190",2,"Young","F",89,3,"04272024_89","D2","dark","5/2/2024","6:00:00 AM",12,"latrine","Record","","","20240502_06.00_C9_89_F_latrine_ps.csv",15,6.347,447.334,1.41885034448533,NA
"191",2,"Young","F",89,3,"04272024_89","L3","light","5/2/2024","6:00:00 PM",12,"latrine","Record","","","20240502_18.00_C9_89_F_latrine.csv",16,18.301,442.486,4.13595006395682,NA
"192",2,"Young","F",89,3,"05022024_89","D1","dark","5/3/2024","6:00:00 AM",12,"home","Ctrl","","Y","20240503_06.00_C9_89_F_home_ps.csv",66,158.921,399.586,46.4985843339633,"bigChew"
"193",2,"Young","F",89,3,"05022024_89","D1","dark","5/3/2024","6:00:00 AM",12,"latrine","Ctrl","","Y","20240503_06.00_C9_89_F_latrine.csv",114,32.193,383.343,21.937040653486,"bigChew"
"194",2,"Young","F",89,3,"05022024_89","L2","light","5/3/2024","6:00:00 PM",12,"home","Ctrl","","","20240503_18.00_C9_89_F_home_ps.csv",42,104.508,449.179,23.2664483424203,NA
"195",2,"Young","F",89,3,"05022024_89","L2","light","5/3/2024","6:00:00 PM",12,"latrine","Ctrl","","","20240503_18.00_C9_89_F_latrine.csv",60,50.921,452.571,11.2514942406827,NA
"196",2,"Young","F",89,3,"05022024_89","D2","dark","5/4/2024","6:00:00 AM",12,"home","Ctrl","","Y","20240504_06.00_C9_89_F_home_ps.csv",32,149.609,366.703,51.7385729848438,"bigChew"
"197",2,"Young","F",89,3,"05022024_89","D2","dark","5/4/2024","6:00:00 AM",12,"latrine","Ctrl","","Y","20240504_06.00_C9_89_F_latrine.csv",72,34.726,412.149,16.0963795943632,"bigChew"
"198",2,"Young","F",89,3,"05022024_89","L3","light","5/4/2024","6:00:00 PM",12,"home","Ctrl","","Y","20240504_18.00_C9_89_F_home_ps.csv",49,97.47,439.338,24.0004904289504,"bigChew"
"199",2,"Young","F",89,3,"05022024_89","L3","light","5/4/2024","6:00:00 PM",12,"latrine","Ctrl","","Y","20240504_18.00_C9_89_F_latrine.csv",66,58.425,437.916,15.6366495646648,"bigChew"
"200",2,"Old","M",90,3,"","","dark","4/29/2024","6:00:00 AM",12,"latrine","Accl","","Y","20240429_06.00_C9_90_M_latrine.csv",155,113.681,396.494,37.1288061464739,"bigChew"
"201",2,"Old","M",90,3,"","","light","4/29/2024","6:00:00 PM",12,"latrine","Accl","","","20240429_18.00_C9_90_M_latrine.csv",103,32.57,442.379,7.36246521647727,NA
"202",2,"Old","M",90,3,"","","dark","4/30/2024","6:00:00 AM",12,"latrine","Accl","","Y","20240430_06.00_C9_90_M_latrine.csv",200,103.086,430.655,27.1792523702741,"bigChew"
"203",2,"Old","M",90,3,"","","light","4/30/2024","6:00:00 PM",12,"latrine","Accl","","","20240430_18.00_C9_90_M_latrine.csv",67,23.522,447.373,5.25780500834874,NA
"204",2,"Old","M",90,3,"04272024_90","D1","dark","5/1/2024","6:00:00 AM",12,"latrine","Record","","Y","20240501_06.00_C9_90_M_latrine.csv",91,234.164,434.319,55.5042243257824,"bigChew"
"205",2,"Old","M",90,3,"04272024_90","L2","light","5/1/2024","6:00:00 PM",12,"latrine","Record","","","20240501_18.00_C9_90_M_latrine.csv",135,90.59,449.832,20.1386295328034,NA
"206",2,"Old","M",90,3,"04272024_90","D2","dark","5/2/2024","6:00:00 AM",12,"latrine","Record","","Y","20240502_06.00_C9_90_M_latrine.csv",121,223.503,436.917,52.5566612388525,"bigChew"
"207",2,"Old","M",90,3,"04272024_90","L3","light","5/2/2024","6:00:00 PM",12,"latrine","Record","","","20240502_18.00_C9_90_M_latrine.csv",166,104.988,456.81,22.9828593944966,NA
"208",2,"Old","M",90,3,"05022024_90","D1","dark","5/3/2024","6:00:00 AM",12,"home","Ctrl","","Y","20240503_06.00_C9_90_M_home_ps.csv",151,71.63,453.983,15.7781238504526,"smallChew"
"209",2,"Old","M",90,3,"05022024_90","D1","dark","5/3/2024","6:00:00 AM",12,"latrine","Ctrl","","Y","20240503_06.00_C9_90_M_latrine_ps.csv",112,225.792,438.538,52.7051620414823,"bigChew"
"210",2,"Old","M",90,3,"05022024_90","L2","light","5/3/2024","6:00:00 PM",12,"home","Ctrl","","Y","20240503_18.00_C9_90_M_home_ps.csv",98,75.029,452.162,16.5933890950588,"smallChew"
"211",2,"Old","M",90,3,"05022024_90","L2","light","5/3/2024","6:00:00 PM",12,"latrine","Ctrl","","","20240503_18.00_C9_90_M_latrine.csv",150,122.651,457.715,26.7963689195242,NA
"212",2,"Old","M",90,3,"05022024_90","D2","dark","5/4/2024","6:00:00 AM",12,"home","Ctrl","","Y","20240504_06.00_C9_90_M_home_ps.csv",83,176.133,371.75,56.513051634666,"bigChew"
"213",2,"Old","M",90,3,"05022024_90","D2","dark","5/4/2024","6:00:00 AM",12,"latrine","Ctrl","","","20240504_06.00_C9_90_M_latrine.csv",141,207.851,454.141,45.7679443168531,NA
"214",2,"Old","M",90,3,"05022024_90","L3","light","5/4/2024","6:00:00 PM",12,"home","Ctrl","","Y","20240504_18.00_C9_90_M_home_ps.csv",93,85.9,399.817,30.2141819473739,"bigChew"
"215",2,"Old","M",90,3,"05022024_90","L3","light","5/4/2024","6:00:00 PM",12,"latrine","Ctrl","","","20240504_18.00_C9_90_M_latrine.csv",162,157.488,460.517,34.198086064141,NA
"216",2,"Old","F",1106,3,"","","dark","4/29/2024","6:00:00 AM",12,"latrine","Accl","Y","","",0,0,449.829218543046,0,NA
"217",2,"Old","F",1106,3,"","","light","4/29/2024","6:00:00 PM",12,"latrine","Accl","Y","","",0,0,449.829218543046,0,NA
"218",2,"Old","F",1106,3,"","","dark","4/30/2024","6:00:00 AM",12,"latrine","Accl","","Y","20240430_06.00_C9_1106_F_latrine_ps.csv",23,17.985,442.296,5.6728681666561,"bigChew"
"219",2,"Old","F",1106,3,"","","light","4/30/2024","6:00:00 PM",12,"latrine","Accl","Y","","",0,0,449.829218543046,0,NA
"220",2,"Old","F",1106,3,"04272024_1106","D1","dark","5/1/2024","6:00:00 AM",12,"latrine","Record","","","20240501_06.00_C9_1106_F_latrine.csv",38,31.677,464.822,6.81486676620298,NA
"221",2,"Old","F",1106,3,"04272024_1106","L2","light","5/1/2024","6:00:00 PM",12,"latrine","Record","Y","","",0,0,449.829218543046,0,NA
"222",2,"Old","F",1106,3,"04272024_1106","D2","dark","5/2/2024","6:00:00 AM",12,"latrine","Record","","Y","20240502_06.00_C9_1106_F_latrine_ps.csv",24,83.526,421.395,24.8894944854127,"bigChew"
"223",2,"Old","F",1106,3,"04272024_1106","L3","light","5/2/2024","6:00:00 PM",12,"latrine","Record","","","20240502_18.00_C9_1106_F_latrine.csv",18,16.804,442.546,3.79711939549787,NA
"224",2,"Old","F",1106,3,"05022024_1106","D1","dark","5/3/2024","6:00:00 AM",12,"home","Ctrl","","Y","20240503_06.00_C9_1106_F_home_ps.csv",106,145.022,423.921,37.9989141427213,"bigChew"
"225",2,"Old","F",1106,3,"05022024_1106","D1","dark","5/3/2024","6:00:00 AM",12,"latrine","Ctrl","","Y","20240503_06.00_C9_1106_F_latrine.csv",132,106.982,428.711,28.4775228603315,"bigChew"
"226",2,"Old","F",1106,3,"05022024_1106","L2","light","5/3/2024","6:00:00 PM",12,"home","Ctrl","","Y","20240503_18.00_C9_1106_F_home_ps.csv",47,98.451,417.499,29.0735268301677,"bigChew"
"227",2,"Old","F",1106,3,"05022024_1106","L2","light","5/3/2024","6:00:00 PM",12,"latrine","Ctrl","","","20240503_18.00_C9_1106_F_latrine.csv",40,106.457,463.339,22.9760499332023,NA
"228",2,"Old","F",1106,3,"05022024_1106","D2","dark","5/4/2024","6:00:00 AM",12,"home","Ctrl","","Y","20240504_06.00_C9_1106_F_home_ps.csv",10,316.05,419.662,76.9663695178385,"bigChew"
"229",2,"Old","F",1106,3,"05022024_1106","D2","dark","5/4/2024","6:00:00 AM",12,"latrine","Ctrl","","Y","20240504_06.00_C9_1106_F_latrine_ps.csv",79,136.32,428.316,35.0873647234951,"bigChew"
"230",2,"Old","F",1106,3,"05022024_1106","L3","light","5/4/2024","6:00:00 PM",12,"home","Ctrl","","Y","20240504_18.00_C9_1106_F_home_ps.csv",58,36.11,401.62,18.7447180101258,"bigChew"
"231",2,"Old","F",1106,3,"05022024_1106","L3","light","5/4/2024","6:00:00 PM",12,"latrine","Ctrl","","","20240504_18.00_C9_1106_F_latrine.csv",40,119.208,459.34,25.9520181129447,NA
"232",2,"Old","M",91,3,"","","dark","5/5/2024","6:00:00 AM",12,"latrine","Accl","","Y","20240505_06.00_C10_91_M_latrine.csv",220,177.241,432.695,43.2108921631656,"bigChew"
"233",2,"Old","M",91,3,"","","light","5/5/2024","6:00:00 PM",12,"latrine","Accl","","","20240505_18.00_C10_91_M_latrine.csv",117,13.639,467.6,2.91680923866553,NA
"234",2,"Old","M",91,3,"","","dark","5/6/2024","6:00:00 AM",12,"latrine","Accl","","Y","20240506_06.00_C10_91_M_latrine_ps.csv",162,169.795,452.91,37.4897882581528,"smallChew"
"235",2,"Old","M",91,3,"","","light","5/6/2024","6:00:00 PM",12,"latrine","Accl","","","20240506_18.00_C10_91_M_latrine.csv",113,96.528,449.62,21.4687958720697,NA
"236",2,"Old","M",91,3,"05062024_91","D1","dark","5/7/2024","6:00:00 AM",12,"latrine","Record","","Y","20240507_06.00_C10_91_M_latrine.csv",223,171.172,414.621,45.8796827852784,"bigChew"
"237",2,"Old","M",91,3,"05062024_91","L2","light","5/7/2024","6:00:00 PM",12,"latrine","Record","","","20240507_18.00_C10_91_M_latrine.csv",147,165.601,448.984,36.8834969620298,NA
"238",2,"Old","M",91,3,"05062024_91","D2","dark","5/8/2024","6:00:00 AM",12,"latrine","Record","","","20240508_06.00_C10_91_M_latrine.csv",155,121.068,437.485,27.6736345246123,NA
"239",2,"Old","M",91,3,"05062024_91","L3","light","5/8/2024","6:00:00 PM",12,"latrine","Record","","","20240508_18.00_C10_91_M_latrine.csv",123,137.556,460.069,29.8989934118578,NA
"240",2,"Old","M",91,3,"05082024_91","D1","dark","5/9/2024","6:00:00 AM",12,"home","Ctrl","","Y","20240509_06.00_C10_91_M_home_ps.csv",98,243.302,439.964,56.2807412473184,"bigChew"
"241",2,"Old","M",91,3,"05082024_91","D1","dark","5/9/2024","6:00:00 AM",12,"latrine","Ctrl","","Y","20240509_06.00_C10_91_M_latrine.csv",154,151.501,413.837,41.680978205533,"bigChew"
"242",2,"Old","M",91,3,"05082024_91","L2","light","5/9/2024","6:00:00 PM",12,"home","Ctrl","","","20240509_18.00_C10_91_M_home_ps.csv",161,95.537,447.359,21.3557791393489,NA
"243",2,"Old","M",91,3,"05082024_91","L2","light","5/9/2024","6:00:00 PM",12,"latrine","Ctrl","","","20240509_18.00_C10_91_M_latrine.csv",126,118.275,438.033,27.0013903062098,NA
"244",2,"Old","M",91,3,"05082024_91","D2","dark","5/10/2024","6:00:00 AM",12,"home","Ctrl","","Y","20240510_06.00_C10_91_M_home_ps.csv",79,154.415,386.151,48.4835598828883,"bigChew"
"245",2,"Old","M",91,3,"05082024_91","D2","dark","5/10/2024","6:00:00 AM",12,"latrine","Ctrl","","Y","20240510_06.00_C10_91_M_latrine.csv",218,49.168,427.024,16.0001208405627,"bigChew"
"246",2,"Old","M",91,3,"05082024_91","L3","light","5/10/2024","6:00:00 PM",12,"home","Ctrl","","Y","20240510_18.00_C10_91_M_home_ps.csv",52,160.632,413.483,43.7895562189223,"bigChew"
"247",2,"Old","M",91,3,"05082024_91","L3","light","5/10/2024","6:00:00 PM",12,"latrine","Ctrl","","","20240510_18.00_C10_91_M_latrine.csv",67,217.913,443.322,49.1545648535376,NA
"248",2,"Old","M",92,3,"","","dark","5/5/2024","6:00:00 AM",12,"latrine","Accl","","Y","20240505_06.00_C10_92_M_latrine.csv",186,102.326,441.947,24.5000133383954,"bigChew"
"249",2,"Old","M",92,3,"","","light","5/5/2024","6:00:00 PM",12,"latrine","Accl","","","20240505_18.00_C10_92_M_latrine.csv",63,50.823,450.035,11.2931216460942,NA
"250",2,"Old","M",92,3,"","","dark","5/6/2024","6:00:00 AM",12,"latrine","Accl","","Y","20240506_06.00_C10_92_M_latrine.csv",234,117.845,459.645,25.6382643126761,"smallChew"
"251",2,"Old","M",92,3,"","","light","5/6/2024","6:00:00 PM",12,"latrine","Accl","","","20240506_18.00_C10_92_M_latrine.csv",112,39.46,429.464,9.18819738092133,NA
"252",2,"Old","M",92,3,"05062024_92","D1","dark","5/7/2024","6:00:00 AM",12,"latrine","Record","","","20240507_06.00_C10_92_M_latrine.csv",239,103.412,443.948,23.2937190842171,NA
"253",2,"Old","M",92,3,"05062024_92","L2","light","5/7/2024","6:00:00 PM",12,"latrine","Record","","Y","20240507_18.00_C10_92_M_latrine.csv",75,46.093,457.351,10.0782549945228,"smallChew"
"254",2,"Old","M",92,3,"05062024_92","D2","dark","5/8/2024","6:00:00 AM",12,"latrine","Record","","Y","20240508_06.00_C10_92_M_latrine.csv",215,140.849,439.31,33.6501526142107,"bigChew"
"255",2,"Old","M",92,3,"05062024_92","L3","light","5/8/2024","6:00:00 PM",12,"latrine","Record","","","20240508_18.00_C10_92_M_latrine.csv",114,49.839,458.188,10.8774127650659,NA
"256",2,"Old","M",92,3,"05082024_92","D1","dark","5/9/2024","6:00:00 AM",12,"home","Ctrl","","Y","20240509_06.00_C10_92_M_home_ps.csv",163,142.089,394.556,43.8749219497754,"bigChew"
"257",2,"Old","M",92,3,"05082024_92","D1","dark","5/9/2024","6:00:00 AM",12,"latrine","Ctrl","","Y","20240509_06.00_C10_92_M_latrine.csv",302,67.314,404.598,25.0195438410092,"bigChew"
"258",2,"Old","M",92,3,"05082024_92","L2","light","5/9/2024","6:00:00 PM",12,"home","Ctrl","","","20240509_18.00_C10_92_M_home_ps.csv",63,101.652,447.682,22.7062959868835,NA
"259",2,"Old","M",92,3,"05082024_92","L2","light","5/9/2024","6:00:00 PM",12,"latrine","Ctrl","","","20240509_18.00_C10_92_M_latrine.csv",97,71.591,458.808,15.6036947917212,NA
"260",2,"Old","M",92,3,"05082024_92","D2","dark","5/10/2024","6:00:00 AM",12,"home","Ctrl","","Y","20240510_06.00_C10_92_M_home.csv",158,102.716,398.123,34.3290769424016,"bigChew"
"261",2,"Old","M",92,3,"05082024_92","D2","dark","5/10/2024","6:00:00 AM",12,"latrine","Ctrl","","Y","20240510_06.00_C10_92_M_latrine.csv",90,163.57,343.284,60.0483933475739,"bigChew"
"262",2,"Old","M",92,3,"05082024_92","L3","light","5/10/2024","6:00:00 PM",12,"home","Ctrl","","","20240510_18.00_C10_92_M_home_ps.csv",91,83.275,446.809,18.6377176824997,NA
"263",2,"Old","M",92,3,"05082024_92","L3","light","5/10/2024","6:00:00 PM",12,"latrine","Ctrl","","","20240510_18.00_C10_92_M_latrine.csv",98,71.52,466.848,15.3197614641168,NA
"264",2,"Old","F",93,3,"","","dark","5/5/2024","6:00:00 AM",12,"latrine","Accl","Y","","",0,0,449.829218543046,0,NA
"265",2,"Old","F",93,3,"","","light","5/5/2024","6:00:00 PM",12,"latrine","Accl","Y","","",0,0,449.829218543046,0,NA
"266",2,"Old","F",93,3,"","","dark","5/6/2024","6:00:00 AM",12,"latrine","Accl","","Y","20240506_06.00_C10_93_F_latrine_ps.csv",49,87.353,439.16,21.7909852233545,"bigChew"
"267",2,"Old","F",93,3,"","","light","5/6/2024","6:00:00 PM",12,"latrine","Accl","Y","","",0,0,449.829218543046,0,NA
"268",2,"Old","F",93,3,"05062024_93","D1","dark","5/7/2024","6:00:00 AM",12,"latrine","Record","","Y","20240507_06.00_C10_93_F_latrine_ps.csv",47,127.392,410.644,37.0312135531289,"bigChew"
"269",2,"Old","F",93,3,"05062024_93","L2","light","5/7/2024","6:00:00 PM",12,"latrine","Record","","","20240507_18.00_C10_93_F_latrine_ps.csv",39,45.43,437.334,10.3879414817965,NA
"270",2,"Old","F",93,3,"05062024_93","D2","dark","5/8/2024","6:00:00 AM",12,"latrine","Record","","Y","20240508_06.00_C10_93_F_latrine_ps.csv",15,95.991,453.359,21.1732865124548,"smallChew"
"271",2,"Old","F",93,3,"05062024_93","L3","light","5/8/2024","6:00:00 PM",12,"latrine","Record","","","20240508_18.00_C10_93_F_latrine.csv",18,30.166,444.625,6.78459375878549,NA
"272",2,"Old","F",93,3,"05082024_93","D1","dark","5/9/2024","6:00:00 AM",12,"home","Ctrl","","Y","20240509_06.00_C10_93_F_home_ps.csv",139,128.07,418.598,35.4137107987355,"bigChew"
"273",2,"Old","F",93,3,"05082024_93","D1","dark","5/9/2024","6:00:00 AM",12,"latrine","Ctrl","","Y","20240509_06.00_C10_93_F_latrine_ps.csv",55,88.962,450.985,19.7261549718949,"smallChew"
"274",2,"Old","F",93,3,"05082024_93","L2","light","5/9/2024","6:00:00 PM",12,"home","Ctrl","","Y","20240509_18.00_C10_93_F_home_ps.csv",29,163.17,445.543,37.2266210464098,"bigChew"
"275",2,"Old","F",93,3,"05082024_93","L2","light","5/9/2024","6:00:00 PM",12,"latrine","Ctrl","","","20240509_18.00_C10_93_F_latrine.csv",35,67.863,451.284,15.0377589278592,NA
"276",2,"Old","F",93,3,"05082024_93","D2","dark","5/10/2024","6:00:00 AM",12,"home","Ctrl","","","20240510_06.00_C10_93_F_home.csv",122,38.699,440.895,8.77737329749714,NA
"277",2,"Old","F",93,3,"05082024_93","D2","dark","5/10/2024","6:00:00 AM",12,"latrine","Ctrl","","Y","20240510_06.00_C10_93_F_latrine_ps.csv",126,232.826,451.316,51.5882441570873,"smallChew"
"278",2,"Old","F",93,3,"05082024_93","L3","light","5/10/2024","6:00:00 PM",12,"home","Ctrl","","Y","20240510_18.00_C10_93_F_home_ps.csv",62,78.836,411.247,26.1028438577984,"bigChew"
"279",2,"Old","F",93,3,"05082024_93","L3","light","5/10/2024","6:00:00 PM",12,"latrine","Ctrl","","Y","20240510_18.00_C10_93_F_latrine_ps.csv",44,97.132,451.011,21.5365035442595,"smallChew"
"280",2,"Old","F",94,3,"","","dark","5/13/2024","6:00:00 AM",12,"latrine","Accl","","","20240513_06.00_C11_94_F_latrine.csv",23,73.867,447.717,16.4985917443385,NA
"281",2,"Old","F",94,3,"","","light","5/13/2024","6:00:00 PM",12,"latrine","Accl","","","20240513_18.00_C11_94_F_latrine.csv",24,49.975,449.211,11.1250614967131,NA
"282",2,"Old","F",94,3,"","","dark","5/14/2024","6:00:00 AM",12,"latrine","Accl","","","20240514_06.00_C11_94_F_latrine.csv",21,91.892,448.172,20.5037351731032,NA
"283",2,"Old","F",94,3,"","","light","5/14/2024","6:00:00 PM",12,"latrine","Accl","","","20240514_18.00_C11_94_F_latrine.csv",24,52.105,460.506,11.3147277125597,NA
"284",2,"Old","F",94,3,"05142024_94","D1","dark","5/15/2024","6:00:00 AM",12,"latrine","Record","","","20240515_06.00_C11_94_F_latrine.csv",27,140.459,451.442,31.1134099175531,NA
"285",2,"Old","F",94,3,"05142024_94","L2","light","5/15/2024","6:00:00 PM",12,"latrine","Record","","","20240515_18.00_C11_94_F_latrine.csv",30,108.737,464.434,23.4127992351981,NA
"286",2,"Old","F",94,3,"05142024_94","D2","dark","5/16/2024","6:00:00 AM",12,"latrine","Record","","Y","20240516_06.00_C11_94_F_latrine.csv",14,116.156,434.67,29.1922385496353,"bigChew"
"287",2,"Old","F",94,3,"05142024_94","L3","light","5/16/2024","6:00:00 PM",12,"latrine","Record","","","20240516_18.00_C11_94_F_latrine.csv",33,77.899,453.201,17.18862050172,NA
"288",2,"Old","M",95,3,"","","dark","5/13/2024","6:00:00 AM",12,"latrine","Accl","","Y","20240513_06.00_C11_95_M_latrine_ps.csv",180,125.148,442.674,29.4118774613094,"bigChew"
"289",2,"Old","M",95,3,"","","light","5/13/2024","6:00:00 PM",12,"latrine","Accl","","","20240513_18.00_C11_95_M_latrine.csv",148,135.958,452.165,30.0682273064036,NA
"290",2,"Old","M",95,3,"","","dark","5/14/2024","6:00:00 AM",12,"latrine","Accl","","","20240514_06.00_C11_95_M_latrine.csv",142,104.952,455.003,23.0662215413964,NA
"291",2,"Old","M",95,3,"","","light","5/14/2024","6:00:00 PM",12,"latrine","Accl","","","20240514_18.00_C11_95_M_latrine.csv",148,139.085,459.017,30.3006206741798,NA
"292",2,"Old","M",95,3,"05142024_95","D1","dark","5/15/2024","6:00:00 AM",12,"latrine","Record","","","20240515_06.00_C11_95_M_latrine.csv",187,150.398,458.812,32.7798749814739,NA
"293",2,"Old","M",95,3,"05142024_95","L2","light","5/15/2024","6:00:00 PM",12,"latrine","Record","","Y","20240515_18.00_C11_95_M_latrine.csv",166,196.433,451.416,43.5148510464848,"smallChew"
"294",2,"Old","M",95,3,"05142024_95","D2","dark","5/16/2024","6:00:00 AM",12,"latrine","Record","","Y","20240516_06.00_C11_95_M_latrine_ps.csv",151,215.606,447.406,48.4693322610795,"bigChew"
"295",2,"Old","F",1253,3,"","","dark","5/13/2024","6:00:00 AM",12,"latrine","Accl","Y","","",0,0,449.829218543046,0,NA
"296",2,"Old","F",1253,3,"","","light","5/13/2024","6:00:00 PM",12,"latrine","Accl","Y","","",0,0,449.829218543046,0,NA
"297",2,"Old","F",1253,3,"","","dark","5/14/2024","6:00:00 AM",12,"latrine","Accl","","Y","20240514_06.00_C11_1253_F_latrine.csv",33,47.868,445.735,11.5515436527994,"bigChew"
"298",2,"Old","F",1253,3,"","","light","5/14/2024","6:00:00 PM",12,"latrine","Accl","Y","","",0,0,449.829218543046,0,NA
"299",2,"Old","F",1253,3,"05142024_1253","D1","dark","5/15/2024","6:00:00 AM",12,"latrine","Record","","Y","20240515_06.00_C11_1253_F_latrine_ps.csv",30,101.424,447.569,23.049685140256,"bigChew"
"300",2,"Old","F",1253,3,"05142024_1253","L2","light","5/15/2024","6:00:00 PM",12,"latrine","Record","","","20240515_18.00_C11_1253_F_latrine.csv",22,62.001,457.249,13.5595703872507,NA
"301",2,"Old","F",1253,3,"05142024_1253","D2","dark","5/16/2024","6:00:00 AM",12,"latrine","Record","","Y","20240516_06.00_C11_1253_F_latrine_ps.csv",39,86.288,451.429,19.1144122331529,"smallChew"
"302",2,"Old","F",1253,3,"05142024_1253","L3","light","5/16/2024","6:00:00 PM",12,"latrine","Record","","Y","20240516_18.00_C11_1253_F_latrine_ps.csv",113,159.403,437.062,38.2745743152677,"bigChew"
"303",2,"Old","F",1253,3,"05162024_1253","D1","dark","5/17/2024","6:00:00 AM",12,"home","Ctrl","","Y","20240517_06.00_C11_1253_F_home_ps.csv",52,161.649,449.96,35.92519335052,"smallChew"
"304",2,"Old","F",1253,3,"05162024_1253","D1","dark","5/17/2024","6:00:00 AM",12,"latrine","Ctrl","","Y","20240517_06.00_C11_1253_F_latrine_ps.csv",48,87.632,410.697,28.1805212550718,"bigChew"
"305",2,"Old","F",1253,3,"05162024_1253","L2","light","5/17/2024","6:00:00 PM",12,"home","Ctrl","","Y","20240517_18.00_C11_1253_F_home_ps.csv",46,181.87,419.135,47.2544267425583,"bigChew"
"306",2,"Old","F",1253,3,"05162024_1253","L2","light","5/17/2024","6:00:00 PM",12,"latrine","Ctrl","","","20240517_18.00_C11_1253_F_latrine.csv",24,109.477,454.047,24.1113805399001,NA
"307",2,"Old","F",1253,3,"05162024_1253","D2","dark","5/18/2024","6:00:00 AM",12,"home","Ctrl","","Y","20240518_06.00_C11_1253_F_home.csv",50,132.284,423.336,35.2972221451756,"bigChew"
"308",2,"Old","F",1253,3,"05162024_1253","D2","dark","5/18/2024","6:00:00 AM",12,"latrine","Ctrl","","Y","20240518_06.00_C11_1253_F_latrine_ps.csv",77,170.73,443.645,39.3291967818486,"bigChew"
"309",2,"Old","F",1253,3,"05162024_1253","L3","light","5/18/2024","6:00:00 PM",12,"home","Ctrl","","Y","20240518_18.00_C11_1253_F_home_ps.csv",30,138.666,452.834,30.6218172663713,"smallChew"
"310",2,"Old","F",1253,3,"05162024_1253","L3","light","5/18/2024","6:00:00 PM",12,"latrine","Ctrl","","","20240518_18.00_C11_1253_F_latrine.csv",25,69.48,464.728,14.9506808283555,NA
"311",2,"Young","F",2158,3,"","","dark","5/18/2024","6:00:00 AM",12,"latrine","Accl","Y","","",0,0,449.829218543046,0,NA
"312",2,"Young","F",2158,3,"","","light","5/18/2024","6:00:00 PM",12,"latrine","Accl","Y","","",0,0,449.829218543046,0,NA
"313",2,"Young","F",2158,3,"","","dark","5/19/2024","6:00:00 AM",12,"latrine","Accl","","Y","20240519_06.00_C12_2158_F_latrine_ps.csv",38,12.937,445.343,3.87329631442761,"bigChew"
"314",2,"Young","F",2158,3,"","","light","5/19/2024","6:00:00 PM",12,"latrine","Accl","Y","","",0,0,449.829218543046,0,NA
"315",2,"Young","F",2158,3,"05192024_2158","D1","dark","5/20/2024","6:00:00 AM",12,"latrine","Record","","Y","20240520_06.00_C12_2158_F_latrine_ps.csv",16,31.164,436.159,9.96694227383897,"bigChew"
"316",2,"Young","F",2158,3,"05192024_2158","L2","light","5/20/2024","6:00:00 PM",12,"latrine","Record","Y","","",0,0,449.829218543046,0,NA
"317",2,"Young","F",2158,3,"05192024_2158","D2","dark","5/21/2024","6:00:00 AM",12,"latrine","Record","Y","Y","20240521_06.00_C12_2158_F_latrine.csv",0,0,440.752,2.01792550791756,NA
"318",2,"Young","F",2158,3,"05192024_2158","L3","light","5/21/2024","6:00:00 PM",12,"latrine","Record","","","20240521_18.00_C12_2158_F_latrine.csv",15,11.236,435.497,2.58004073506821,NA
"319",2,"Young","F",2158,3,"05212024_2158","D1","dark","5/22/2024","6:00:00 AM",12,"home","Ctrl","","Y","20240522_06.00_C12_2158_F_home_ps.csv",88,109.749,398.06,35.9065645104576,"bigChew"
"320",2,"Young","F",2158,3,"05212024_2158","D1","dark","5/22/2024","6:00:00 AM",12,"latrine","Ctrl","","Y","20240522_06.00_C12_2158_F_latrine_ps.csv",61,71.214,450.56,15.8056640625,"smallChew"
"321",2,"Young","F",2158,3,"05212024_2158","L2","light","5/22/2024","6:00:00 PM",12,"home","Ctrl","","Y","20240522_18.00_C12_2158_F_home_ps.csv",87,82.039,426.618,23.3978172613913,"bigChew"
"322",2,"Young","F",2158,3,"05212024_2158","L2","light","5/22/2024","6:00:00 PM",12,"latrine","Ctrl","","","20240522_18.00_C12_2158_F_latrine.csv",100,83.022,441.695,18.796228166495,NA
"323",2,"Young","F",2158,3,"05212024_2158","D2","dark","5/23/2024","6:00:00 AM",12,"home","Ctrl","","Y","20240523_06.00_C12_2158_F_home_ps.csv",30,199.849,422.962,50.4005096150398,"bigChew"
"324",2,"Young","F",2158,3,"05212024_2158","D2","dark","5/23/2024","6:00:00 AM",12,"latrine","Ctrl","","Y","20240523_06.00_C12_2158_F_latrine.csv",114,57.831,411.352,21.4099517267863,"bigChew"
"325",2,"Young","F",2158,3,"05212024_2158","L3","light","5/23/2024","6:00:00 PM",12,"home","Ctrl","","Y","20240523_18.00_C12_2158_F_home_ps.csv",45,86.246,440.398,21.2696762680147,"bigChew"
"326",2,"Young","F",2158,3,"05212024_2158","L3","light","5/23/2024","6:00:00 PM",12,"latrine","Ctrl","","Y","20240523_18.00_C12_2158_F_latrine.csv",24,30.711,435.812,9.94337777521806,"bigChew"
"327",2,"Young","F",2159,3,"","","dark","5/18/2024","6:00:00 AM",12,"latrine","Accl","Y","","",0,0,449.829218543046,0,NA
"328",2,"Young","F",2159,3,"","","light","5/18/2024","6:00:00 PM",12,"latrine","Accl","Y","","",0,0,449.829218543046,0,NA
"329",2,"Young","F",2159,3,"","","dark","5/19/2024","6:00:00 AM",12,"latrine","Accl","Y","","",0,0,449.829218543046,0,NA
"330",2,"Young","F",2159,3,"","","light","5/19/2024","6:00:00 PM",12,"latrine","Accl","Y","","",0,0,449.829218543046,0,NA
"331",2,"Young","F",2159,3,"05192024_2159","D1","dark","5/20/2024","6:00:00 AM",12,"latrine","Record","","Y","20240520_06.00_C12_2159_F_latrine_ps.csv",34,35.682,453.126,7.8746308973663,"smallChew"
"332",2,"Young","F",2159,3,"05192024_2159","L2","light","5/20/2024","6:00:00 PM",12,"latrine","Record","Y","","",0,0,449.829218543046,0,NA
"333",2,"Young","F",2159,3,"05192024_2159","D2","dark","5/21/2024","6:00:00 AM",12,"latrine","Record","","Y","20240521_06.00_C12_2159_F_latrine_ps.csv",50,48.866,438.424,13.3986891154512,"bigChew"
"334",2,"Young","F",2159,3,"05192024_2159","L3","light","5/21/2024","6:00:00 PM",12,"latrine","Record","Y","","",0,0,449.829218543046,0,NA
"335",2,"Young","F",2159,3,"05212024_2159","D1","dark","5/22/2024","6:00:00 AM",12,"home","Ctrl","","Y","20240522_06.00_C12_2159_F_home_ps.csv",74,149.38,418.021,40.2793351507707,"bigChew"
"336",2,"Young","F",2159,3,"05212024_2159","D1","dark","5/22/2024","6:00:00 AM",12,"latrine","Ctrl","","Y","20240522_06.00_C12_2159_F_latrine_ps.csv",80,23.149,420.231,11.7260543265485,"bigChew"
"337",2,"Young","F",2159,3,"05212024_2159","L2","light","5/22/2024","6:00:00 PM",12,"home","Ctrl","","Y","20240522_18.00_C12_2159_F_home_ps.csv",49,149.428,440.14,35.3728063860351,"bigChew"
"338",2,"Young","F",2159,3,"05212024_2159","L2","light","5/22/2024","6:00:00 PM",12,"latrine","Ctrl","","Y","20240522_18.00_C12_2159_F_latrine.csv",76,28.063,430.644,10.5035903839414,"bigChew"
"339",2,"Young","F",2159,3,"05212024_2159","D2","dark","5/23/2024","6:00:00 AM",12,"home","Ctrl","","Y","20240523_06.00_C12_2159_F_home_ps.csv",15,206.997,299.123,79.5197830193452,"bigChew"
"340",2,"Young","F",2159,3,"05212024_2159","D2","dark","5/23/2024","6:00:00 AM",12,"latrine","Ctrl","","Y","20240523_06.00_C12_2159_F_latrine.csv",124,25.501,415.578,13.2833119948451,"bigChew"
"341",2,"Young","F",2159,3,"05212024_2159","L3","light","5/23/2024","6:00:00 PM",12,"home","Ctrl","","Y","20240523_18.00_C12_2159_F_home_ps.csv",16,118.678,457.785,25.9243968238365,"smallChew"
"342",2,"Young","F",2159,3,"05212024_2159","L3","light","5/23/2024","6:00:00 PM",12,"latrine","Ctrl","","Y","20240523_18.00_C12_2159_F_latrine_ps.csv",52,38.329,439.086,10.9090776054936,"bigChew"
"343",2,"Young","M",2160,3,"","","dark","5/18/2024","6:00:00 AM",12,"latrine","Accl","","","20240518_06.00_C12_2160_M_latrine.csv",327,54.075,461.008,11.729731371256,NA
"344",2,"Young","M",2160,3,"","","light","5/18/2024","6:00:00 PM",12,"latrine","Accl","","","20240518_18.00_C12_2160_M_latrine.csv",114,16.634,459.148,3.62279700662967,NA
"345",2,"Young","M",2160,3,"","","dark","5/19/2024","6:00:00 AM",12,"latrine","Accl","","","20240519_06.00_C12_2160_M_latrine.csv",240,56.893,447.69,12.7081239250374,NA
"346",2,"Young","M",2160,3,"","","light","5/19/2024","6:00:00 PM",12,"latrine","Accl","","","20240519_18.00_C12_2160_M_latrine.csv",101,12.652,462.631,2.73479295594113,NA
"347",2,"Young","M",2160,3,"05192024_2160","D1","dark","5/20/2024","6:00:00 AM",12,"latrine","Record","","","20240520_06.00_C12_2160_M_latrine.csv",238,41.835,449.909,9.29854703951244,NA
"348",2,"Young","M",2160,3,"05192024_2160","L2","light","5/20/2024","6:00:00 PM",12,"latrine","Record","","","20240520_18.00_C12_2160_M_latrine.csv",46,3.657,455.68,0.802536867977528,NA
"349",2,"Young","M",2160,3,"05192024_2160","D2","dark","5/21/2024","6:00:00 AM",12,"latrine","Record","","","20240521_06.00_C12_2160_M_latrine.csv",198,31.284,438.077,7.14121033516939,NA
"350",2,"Young","M",2160,3,"05192024_2160","L3","light","5/21/2024","6:00:00 PM",12,"latrine","Record","","","20240521_18.00_C12_2160_M_latrine.csv",50,36.302,451.527,8.03982929038574,NA
"351",2,"Young","M",2160,3,"05212024_2160","D1","dark","5/22/2024","6:00:00 AM",12,"home","Ctrl","","Y","20240522_06.00_C12_2160_M_home_ps.csv",142,126.829,415.65,35.7931881491684,"bigChew"
"352",2,"Young","M",2160,3,"05212024_2160","D1","dark","5/22/2024","6:00:00 AM",12,"latrine","Ctrl","","Y","20240522_06.00_C12_2160_M_latrine_ps.csv",257,59.041,439.8,15.354764807577,"bigChew"
"353",2,"Young","M",2160,3,"05212024_2160","L2","light","5/22/2024","6:00:00 PM",12,"home","Ctrl","","","20240522_18.00_C12_2160_M_home.csv",65,91.968,450.996,20.392198600431,NA
"354",2,"Young","M",2160,3,"05212024_2160","L2","light","5/22/2024","6:00:00 PM",12,"latrine","Ctrl","","","20240522_18.00_C12_2160_M_latrine.csv",107,6.082,452.066,1.34537877212619,NA
"355",2,"Young","M",2160,3,"05212024_2160","D2","dark","5/23/2024","6:00:00 AM",12,"home","Ctrl","","Y","20240523_06.00_C12_2160_M_home_ps.csv",65,213.87,434.371,50.9811744301134,"bigChew"
"356",2,"Young","M",2160,3,"05212024_2160","D2","dark","5/23/2024","6:00:00 AM",12,"latrine","Ctrl","","Y","20240523_06.00_C12_2160_M_latrine.csv",191,57.916,414.276,20.7788233156095,"bigChew"
"357",2,"Young","M",2160,3,"05212024_2160","L3","light","5/23/2024","6:00:00 PM",12,"home","Ctrl","","","20240523_18.00_C12_2160_M_home_ps.csv",58,110.222,453.734,24.2922064469491,NA
"358",2,"Young","M",2160,3,"05212024_2160","L3","light","5/23/2024","6:00:00 PM",12,"latrine","Ctrl","","","20240523_18.00_C12_2160_M_latrine.csv",68,27.872,444.269,6.27367653381172,NA
"359",2,"Young","M",2161,3,"","","dark","5/18/2024","6:00:00 AM",12,"latrine","Accl","","","20240518_06.00_C12_2161_M_latrine.csv",273,69.929,438.588,15.9441206781763,NA
"360",2,"Young","M",2161,3,"","","light","5/18/2024","6:00:00 PM",12,"latrine","Accl","","","20240518_18.00_C12_2161_M_latrine.csv",248,40.437,459.458,8.80102207383482,NA
"361",2,"Young","M",2161,3,"","","dark","5/19/2024","6:00:00 AM",12,"latrine","Accl","","Y","20240519_06.00_C12_2161_M_latrine_ps.csv",283,54.66,456.098,11.9842665392087,"smallChew"
"362",2,"Young","M",2161,3,"","","light","5/19/2024","6:00:00 PM",12,"latrine","Accl","","","20240519_18.00_C12_2161_M_latrine.csv",209,28.462,443.233,6.42145327626779,NA
"363",2,"Young","M",2161,3,"05192024_2161","D1","dark","5/20/2024","6:00:00 AM",12,"latrine","Record","","Y","20240520_06.00_C12_2161_M_latrine_ps.csv",256,44.44,448.287,10.2221502400352,"bigChew"
"364",2,"Young","M",2161,3,"05192024_2161","L2","light","5/20/2024","6:00:00 PM",12,"latrine","Record","Y","","",0,0,449.829218543046,0,NA
"365",2,"Young","M",2161,3,"05192024_2161","D2","dark","5/21/2024","6:00:00 AM",12,"latrine","Record","","Y","20240521_06.00_C12_2161_M_latrine_ps.csv",127,24.765,446.452,6.25620066081885,"bigChew"
"366",2,"Young","M",2161,3,"05192024_2161","L3","light","5/21/2024","6:00:00 PM",12,"latrine","Record","","","20240521_18.00_C12_2161_M_latrine.csv",33,19.449,435.595,4.46492728337102,NA
"367",2,"Young","M",2161,3,"05212024_2161","D1","dark","5/22/2024","6:00:00 AM",12,"home","Ctrl","","Y","20240522_06.00_C12_2161_M_home_ps.csv",172,124.26,434.72,30.9826958316425,"bigChew"
"368",2,"Young","M",2161,3,"05212024_2161","D1","dark","5/22/2024","6:00:00 AM",12,"latrine","Ctrl","","Y","20240522_06.00_C12_2161_M_latrine.csv",282,48.742,431.022,15.0166364830261,"bigChew"
"369",2,"Young","M",2161,3,"05212024_2161","L2","light","5/22/2024","6:00:00 PM",12,"home","Ctrl","","Y","20240522_18.00_C12_2161_M_home_ps.csv",54,67.585,412.467,23.33045836439,"bigChew"
"370",2,"Young","M",2161,3,"05212024_2161","L2","light","5/22/2024","6:00:00 PM",12,"latrine","Ctrl","","","20240522_18.00_C12_2161_M_latrine.csv",70,37.114,459.152,8.08316200299683,NA
"371",2,"Young","M",2161,3,"05212024_2161","D2","dark","5/23/2024","6:00:00 AM",12,"home","Ctrl","","Y","20240523_06.00_C12_2161_M_home_ps.csv",70,113.34,434.035,28.7073878751806,"bigChew"
"372",2,"Young","M",2161,3,"05212024_2161","D2","dark","5/23/2024","6:00:00 AM",12,"latrine","Ctrl","","Y","20240523_06.00_C12_2161_M_latrine_ps.csv",212,75.817,414.747,24.6536271926128,"bigChew"
"373",2,"Young","M",2161,3,"05212024_2161","L3","light","5/23/2024","6:00:00 PM",12,"home","Ctrl","","Y","20240523_18.00_C12_2161_M_home_ps.csv",75,107.917,438.476,26.514555663892,"bigChew"
"374",2,"Young","M",2161,3,"05212024_2161","L3","light","5/23/2024","6:00:00 PM",12,"latrine","Ctrl","","","20240523_18.00_C12_2161_M_latrine.csv",49,38.602,459.452,8.40174816955852,NA
