Round,Cohort,Age,Cage,Sex,numMice,Time,endDate,endTime,trialDur,cageType,Trial,segment,trialNum,trialType,fileName,TrueZero,Chewed,PhotoShop,CSV
1,1,Old,746,F,3,light,8/1/2022,6:15:00 PM,12,latrine,,,1,Accl,20220801_18.15_C1_746_F_latrine.tiff,,,,20220801_18.15_C1_746_F_latrine.csv
1,1,Old,746,F,3,dark,8/2/2022,6:08:00 AM,12,latrine,,,1,Accl,20220802_06.08_C1_746_F_latrine.tiff,,Y,Y,20220802_06.08_C1_746_F_latrine_ps.csv
1,1,Old,746,F,3,light,8/2/2022,6:12:00 PM,12,latrine,,,2,Accl,20220802_18.12_C1_746_F_latrine.tiff,,,,20220802_18.12_C1_746_F_latrine.csv
1,1,Old,746,F,3,dark,8/3/2022,6:08:00 AM,12,latrine,,,2,Accl,20220803_06.08_C1_746_F_latrine.tiff,,Y,Y,20220803_06.08_C1_746_F_latrine_ps.csv
1,1,Old,746,F,3,,8/5/2022,10:40:00 AM,48,latrine,08032022_746,,3,Record,20220805_10.40_C1_746_F_latrine.tiff,,Y,Y,20220805_10.40_C1_746_F_latrine_ps.csv
1,1,Old,747,M,2,light,8/1/2022,6:05:00 PM,12,latrine,,,1,Accl,20220801_18.05_C1_747_M_latrine.tiff,,,,20220801_18.05_C1_747_M_latrine.csv
1,1,Old,747,M,2,dark,8/2/2022,6:02:00 AM,12,latrine,,,1,Accl,20220802_06.02_C1_747_M_latrine.tiff,,,,20220802_06.02_C1_747_M_latrine.csv
1,1,Old,747,M,2,light,8/2/2022,6:04:00 PM,12,latrine,,,2,Accl,20220802_18.04_C1_747_M_latrine.tiff,,,,20220802_18.04_C1_747_M_latrine.csv
1,1,Old,747,M,2,dark,8/3/2022,6:03:00 AM,12,latrine,,,2,Accl,20220803_06.03_C1_747_M_latrine.tiff,,,,20220803_06.03_C1_747_M_latrine.csv
1,1,Old,747,M,2,,8/5/2022,10:44:00 AM,48,latrine,08032022_747,,3,Record,20220805_10.44_C1_747_M_latrine.tiff,,Y,,20220805_10.44_C1_747_M_latrine.csv
1,2,Old,791,M,5,light,8/15/2022,6:05:00 PM,12,latrine,,,1,Accl,20220815_18.05_C2_791_M_latrine.tiff,,,,20220815_18.05_C2_791_M_latrine.csv
1,2,Old,791,M,5,dark,8/16/2022,6:02:00 AM,12,latrine,,,1,Accl,20220816_06.02_C2_791_M_latrine.tiff,,,,20220816_06.02_C2_791_M_latrine.csv
1,2,Old,791,M,5,light,8/16/2022,3:49:00 PM,12,latrine,,,2,Accl,20220816_15.49_C2_791_M_latrine.tiff,,,,20220816_15.49_C2_791_M_latrine.csv
1,2,Old,791,M,5,dark,8/17/2022,6:00:00 AM,12,latrine,,,2,Accl,20220817_06.00_C2_791_M_latrine.tiff,,,Y,20220817_06.00_C2_791_M_latrine_ps.csv
1,2,Old,791,M,5,light,8/17/2022,5:56:00 PM,12,latrine,,,3,Accl,20220817_17.56_C2_791_M_latrine.tiff,,,Y,20220817_17.56_C2_791_M_latrine_ps.csv
1,2,Old,791,M,5,dark,8/18/2022,6:05:00 AM,12,latrine,,,3,Accl,20220818_06.05_C2_791_M_latrine.tiff,,,,20220818_06.05_C2_791_M_latrine.csv
1,2,Old,791,M,5,light,8/18/2022,6:10:00 PM,12,latrine,08182022_791,L1,4,Record,20220818_18.10_C2_791_M_latrine.tiff,,,Y,20220818_18.10_C2_791_M_latrine_ps.csv
1,2,Old,791,M,5,dark,8/19/2022,6:00:00 AM,12,latrine,08182022_791,D1,4,Record,20220819_06.00_C2_791_M_latrine.tiff,,,Y,20220819_06.00_C2_791_M_latrine_ps.csv
1,2,Old,791,M,5,light,8/19/2022,6:11:00 PM,12,latrine,08182022_791,L2,5,Record,20220819_18.11_C2_791_M_latrine.tiff,,,,20220819_18.11_C2_791_M_latrine.csv
1,2,Old,791,M,5,dark,8/20/2022,6:00:00 AM,12,latrine,08182022_791,D2,5,Record,20220820_06.00_C2_791_M_latrine.tiff,,,,20220820_06.00_C2_791_M_latrine.csv
1,2,Old,791,M,5,light,8/20/2022,6:00:00 PM,12,latrine,08202022_791,L1,6,Record,20220820_18.00_C2_791_M_latrine.tiff,,,Y,20220820_18.00_C2_791_M_latrine_ps.csv
1,2,Old,791,M,5,dark,8/21/2022,6:00:00 AM,12,latrine,08202022_791,D1,6,Record,20220821_06.00_C2_791_M_latrine.tiff,,,Y,20220821_06.00_C2_791_M_latrine_ps.csv
1,2,Old,791,M,5,light,8/21/2022,6:15:00 PM,12,latrine,08202022_791,L2,7,Record,20220821_18.15_C2_791_M_latrine.tiff,,,Y,20220821_18.15_C2_791_M_latrine_ps.csv
1,2,Old,791,M,5,dark,8/22/2022,6:00:00 AM,12,latrine,08202022_791,D2,7,Record,20220822_06.00_C2_791_M_latrine.tiff,,,Y,20220822_06.00_C2_791_M_latrine_ps.csv
1,2,Old,792,M,3,light,8/15/2022,6:10:00 PM,12,latrine,,,1,Accl,20220815_18.10_C2_792_M_latrine.tiff,,,,20220815_18.10_C2_792_M_latrine.csv
1,2,Old,792,M,3,dark,8/16/2022,6:00:00 AM,12,latrine,,,1,Accl,20220816_06.00_C2_792_M_latrine.tiff,,,,20220816_06.00_C2_792_M_latrine.csv
1,2,Old,792,M,3,light,8/16/2022,6:03:00 PM,12,latrine,,,2,Accl,20220816_18.03_C2_792_M_latrine.tiff,,,,20220816_18.03_C2_792_M_latrine.csv
1,2,Old,792,M,3,dark,8/17/2022,6:05:00 AM,12,latrine,,,2,Accl,20220817_06.05_C2_792_M_latrine.tiff,,,,20220817_06.05_C2_792_M_latrine.csv
1,2,Old,792,M,3,light,8/17/2022,5:56:00 PM,12,latrine,,,3,Accl,20220817_17.56_C2_792_M_latrine.tiff,,,,20220817_17.56_C2_792_M_latrine.csv
1,2,Old,792,M,3,dark,8/18/2022,6:00:00 AM,12,latrine,,,3,Accl,20220818_06.00_C2_792_M_latrine.tiff,,,,20220818_06.00_C2_792_M_latrine.csv
1,2,Old,792,M,3,light,8/18/2022,6:06:00 PM,12,latrine,08182022_792,L2,4,Record,20220818_18.06_C2_792_M_latrine.tiff,,,Y,20220818_18.06_C2_792_M_latrine_ps.csv
1,2,Old,792,M,3,light,8/18/2022,6:13:00 PM,12,latrine,08182022_792,L2,4,Record,20220818_18.13_C2_792_M_latrine.tiff,,,Y,20220818_18.13_C2_792_M_latrine_ps.csv
1,2,Old,792,M,3,dark,8/19/2022,6:05:00 AM,12,latrine,08182022_792,D2,4,Record,20220819_06.05_C2_792_M_latrine.tiff,,,Y,20220819_06.05_C2_792_M_latrine_ps.csv
1,2,Old,792,M,3,light,8/19/2022,6:05:00 PM,12,latrine,08182022_792,L3,5,Record,20220819_18.05_C2_792_M_latrine.tiff,,,,20220819_18.05_C2_792_M_latrine.csv
1,2,Old,792,M,3,dark,8/20/2022,6:00:00 AM,12,latrine,08182022_792,D3,5,Record,20220820_06.00_C2_792_M_latrine.tiff,,,Y,20220820_06.00_C2_792_M_latrine_ps.csv
1,2,Old,792,M,3,light,8/20/2022,6:00:00 PM,12,latrine,08202022_792,L1,6,Record,20220820_18.00_C2_792_M_latrine.tiff,,,Y,20220820_18.00_C2_792_M_latrine_ps.csv
1,2,Old,792,M,3,dark,8/21/2022,6:00:00 AM,12,latrine,08202022_792,D1,6,Record,20220821_06.00_C2_792_M_latrine.tiff,,,Y,20220821_06.00_C2_792_M_latrine_ps.csv
1,2,Old,792,M,3,light,8/21/2022,6:00:00 PM,12,latrine,08202022_792,L2,7,Record,20220821_18.00_C2_792_M_latrine.tiff,,,Y,20220821_18.00_C2_792_M_latrine_ps.csv
1,2,Old,792,M,3,dark,8/22/2022,6:00:00 AM,12,latrine,08202022_792,D2,7,Record,20220822_06.00_C2_792_M_latrine.tiff,,Y,,20220822_06.00_C2_792_M_latrine.csv
1,3,Young,875,M,4,light,10/25/2022,6:00:00 PM,12,latrine,,,1,Accl,20221025_18.00_C3_875_M_latrine.tiff,,,,20221025_18.00_C3_875_M_latrine.csv
1,3,Young,875,M,4,dark,10/26/2022,6:00:00 AM,12,latrine,,,1,Accl,20221026_06.00_C3_875_M_latrine.tiff,,Y,,20221026_06.00_C3_875_M_latrine.csv
1,3,Young,875,M,4,light,10/26/2022,6:03:00 PM,12,latrine,,,2,Accl,20221026_18.03_C3_875_M_latrine.tiff,,,,20221026_18.03_C3_875_M_latrine.csv
1,3,Young,875,M,4,dark,10/27/2022,6:00:00 AM,12,latrine,,,2,Accl,20221027_06.00_C3_875_M_latrine.tiff,,Y,,20221027_06.00_C3_875_M_latrine.csv
1,3,Young,875,M,4,light,10/27/2022,6:02:00 PM,12,latrine,10272022_875,L1,3,Record,20221027_18.02_C3_875_M_latrine.tiff,,,,20221027_18.02_C3_875_M_latrine.csv
1,3,Young,875,M,4,dark,10/28/2022,6:03:00 AM,12,latrine,10272022_875,D1,3,Record,20221028_06.03_C3_875_M_latrine.tiff,,Y,,20221028_06.03_C3_875_M_latrine.csv
1,3,Young,875,M,4,light,10/28/2022,6:02:00 PM,12,latrine,10272022_875,L2,4,Record,20221028_18.02_C3_875_M_latrine.tiff,,Y,,20221028_18.02_C3_875_M_latrine.csv
1,3,Young,875,M,4,dark,10/29/2022,6:00:00 AM,12,latrine,10272022_875,D2,4,Record,20221029_06.00_C3_875_M_latrine.tiff,,Y,,20221029_06.00_C3_875_M_latrine.csv
1,3,Young,875,M,4,light,10/29/2022,6:05:00 PM,12,latrine,10292022_875,L1,5,Ctrl,20221029_18.05_C3_875_M_latrine.tiff,,Y,,20221029_18.05_C3_875_M_latrine.csv
1,3,Young,875,M,4,light,10/29/2022,6:12:00 PM,12,home,10292022_875,L1,5,Ctrl,20221029_18.12_C3_875_M_home.tiff,,Y,,20221029_18.12_C3_875_M_home.csv
1,3,Young,875,M,4,dark,10/30/2022,6:00:00 AM,12,home,10292022_875,D1,5,Ctrl,20221030_06.00_C3_875_M_home.tiff,,Y,,20221030_06.00_C3_875_M_home.csv
1,3,Young,875,M,4,dark,10/30/2022,6:00:00 AM,12,latrine,10292022_875,D1,5,Ctrl,20221030_06.00_C3_875_M_latrine.tiff,,Y,,20221030_06.00_C3_875_M_latrine.csv
1,3,Young,875,M,4,light,10/30/2022,6:00:00 PM,12,home,10292022_875,L2,6,Ctrl,20221030_18.00_C3_875_M_home.tiff,,Y,Y,20221030_18.00_C3_875_M_home_ps.csv
1,3,Young,875,M,4,light,10/30/2022,6:00:00 PM,12,latrine,10292022_875,L2,6,Ctrl,20221030_18.00_C3_875_M_latrine.tiff,,Y,,20221030_18.00_C3_875_M_latrine.csv
1,3,Young,875,M,4,dark,10/31/2022,6:00:00 AM,12,home,10292022_875,D2,6,Ctrl,20221031_06.00_C3_875_M_home.tiff,,Y,,20221031_06.00_C3_875_M_home.csv
1,3,Young,875,M,4,dark,10/31/2022,6:00:00 AM,12,latrine,10292022_875,D2,6,Ctrl,20221031_06.00_C3_875_M_latrine.tiff,,Y,,20221031_06.00_C3_875_M_latrine.csv
1,3,Young,876,M,4,light,10/25/2022,6:03:00 PM,12,latrine,,,1,Accl,20221025_18.03_C3_876_M_latrine.tiff,,,,20221025_18.03_C3_876_M_latrine.csv
1,3,Young,876,M,4,dark,10/26/2022,6:05:00 AM,12,latrine,,,1,Accl,20221026_06.05_C3_876_M_latrine.tiff,,Y,,20221026_06.05_C3_876_M_latrine.csv
1,3,Young,876,M,4,light,10/26/2022,6:00:00 PM,12,latrine,,,2,Accl,20221026_18.00_C3_876_M_latrine.tiff,,Y,,20221026_18.00_C3_876_M_latrine.csv
1,3,Young,876,M,4,dark,10/27/2022,6:00:00 AM,12,latrine,,,2,Accl,20221027_06.00_C3_876_M_latrine.tiff,,Y,,20221027_06.00_C3_876_M_latrine.csv
1,3,Young,876,M,4,light,10/27/2022,6:06:00 PM,12,latrine,10272022_876,L1,3,Record,20221027_18.06_C3_876_M_latrine.tiff,,,,20221027_18.06_C3_876_M_latrine.csv
1,3,Young,876,M,4,dark,10/28/2022,6:06:00 AM,12,latrine,10272022_876,D1,3,Record,20221028_06.06_C3_876_M_latrine.tiff,,,,20221028_06.06_C3_876_M_latrine.csv
1,3,Young,876,M,4,light,10/28/2022,6:12:00 PM,12,latrine,10272022_876,L2,4,Record,20221028_18.12_C3_876_M_latrine.tiff,,Y,,20221028_18.12_C3_876_M_latrine.csv
1,3,Young,876,M,4,dark,10/29/2022,6:00:00 AM,12,latrine,10272022_876,D2,4,Record,20221029_06.00_C3_876_M_latrine.tiff,,Y,Y,20221029_06.00_C3_876_M_latrine_ps.csv
1,3,Young,876,M,4,light,10/29/2022,6:19:00 PM,12,home,10292022_876,L1,5,Ctrl,20221029_18.19_C3_876_M_home.tiff,,,Y,20221029_18.19_C3_876_M_home_ps.csv
1,3,Young,876,M,4,light,10/29/2022,6:23:00 PM,12,latrine,10292022_876,L1,5,Ctrl,20221029_18.23_C3_876_M_latrine.tiff,,Y,,20221029_18.23_C3_876_M_latrine.csv
1,3,Young,876,M,4,dark,10/30/2022,6:05:00 AM,12,home,10292022_876,D1,5,Ctrl,20221030_06.05_C3_876_M_home.tiff,,,,20221030_06.05_C3_876_M_home.csv
1,3,Young,876,M,4,dark,10/30/2022,6:05:00 AM,12,latrine,10292022_876,D1,5,Ctrl,20221030_06.05_C3_876_M_latrine.tiff,,Y,,20221030_06.05_C3_876_M_latrine.csv
1,3,Young,876,M,4,light,10/30/2022,6:00:00 PM,12,home,10292022_876,L2,6,Ctrl,20221030_18.00_C3_876_M_home.tiff,,,Y,20221030_18.00_C3_876_M_home_ps.csv
1,3,Young,876,M,4,light,10/30/2022,6:00:00 PM,12,latrine,10292022_876,L2,6,Ctrl,20221030_18.00_C3_876_M_latrine.tiff,,Y,,20221030_18.00_C3_876_M_latrine.csv
1,3,Young,876,M,4,dark,10/31/2022,6:05:00 AM,12,home,10292022_876,D2,6,Ctrl,20221031_06.05_C3_876_M_home.tiff,,Y,,20221031_06.05_C3_876_M_home.csv
1,3,Young,876,M,4,dark,10/31/2022,6:05:00 AM,12,latrine,10292022_876,D2,6,Ctrl,20221031_06.05_C3_876_M_latrine.tiff,,Y,,20221031_06.05_C3_876_M_latrine.csv
1,4,Old,81,F,4,dark,9/18/2023,6:00:00 AM,12,latrine,,,1,Accl,20230918_06.00_C4_081_F_latrine.tiff,,Y,Y,20230918_06.00_C4_081_F_latrine_ps.csv
1,4,Old,81,F,4,light,9/18/2023,6:00:00 PM,12,latrine,,,1,Accl,20230918_18.00_C4_081_F_latrine.tiff,,,,20230918_18.00_C4_081_F_latrine.csv
1,4,Old,81,F,4,dark,9/19/2023,6:00:00 AM,12,latrine,,,2,Accl,20230919_06.00_C4_081_F_latrine.tiff,,Y,Y,20230919_06.00_C4_081_F_latrine_ps.csv
1,4,Old,81,F,4,light,9/19/2023,6:00:00 PM,12,latrine,,,2,Accl,20230919_18.00_C4_081_F_latrine.tiff,,,,20230919_18.00_C4_081_F_latrine.csv
1,4,Old,81,F,4,dark,9/20/2023,6:00:00 AM,12,latrine,,,3,Accl,20230920_06.00_C4_081_F_latrine.tiff,,Y,Y,20230920_06.00_C4_081_F_latrine_ps.csv
1,4,Old,81,F,4,light,9/20/2023,6:00:00 PM,12,latrine,,,3,Accl,20230920_18.00_C4_081_F_latrine.tiff,,,,20230920_18.00_C4_081_F_latrine.csv
1,4,Old,81,F,4,dark,9/21/2023,6:00:00 AM,12,latrine,,,4,Accl,20230921_06.00_C4_081_F_latrine.tiff,,,,20230921_06.00_C4_081_F_latrine.csv
1,4,Old,81,F,4,light,9/21/2023,6:00:00 PM,12,latrine,,,4,Accl,20230921_18.00_C4_081_F_latrine.tiff,,,,20230921_18.00_C4_081_F_latrine.csv
1,4,Old,81,F,4,dark,9/22/2023,6:00:00 AM,12,latrine,,,5,Accl,20230922_06.00_C4_081_F_latrine.tiff,,Y,,20230922_06.00_C4_081_F_latrine.csv
1,4,Old,81,F,4,light,9/22/2023,6:00:00 PM,12,latrine,,,5,Accl,20230922_18.00_C4_081_F_latrine.tiff,,,,20230922_18.00_C4_081_F_latrine.csv
1,4,Old,81,F,4,dark,9/23/2023,6:00:00 AM,12,latrine,,,6,Accl,20230923_06.00_C4_081_F_latrine.tiff,,Y,Y,20230923_06.00_C4_081_F_latrine_ps.csv
1,4,Old,81,F,4,light,9/23/2023,6:00:00 PM,12,latrine,09232023_81,L1,7,Record,20230923_18.00_C4_081_F_latrine.tiff,,,,20230923_18.00_C4_081_F_latrine.csv
1,4,Old,81,F,4,dark,9/24/2023,6:00:00 AM,12,latrine,09232023_81,D1,7,Record,20230924_06.00_C4_081_F_latrine.tiff,,Y,Y,20230924_06.00_C4_081_F_latrine_ps.csv
1,4,Old,81,F,4,light,9/24/2023,6:00:00 PM,12,latrine,09232023_81,L2,8,Record,20230924_18.00_C4_081_F_latrine.tiff,,,,20230924_18.00_C4_081_F_latrine.csv
1,4,Old,81,F,4,dark,9/25/2023,6:00:00 AM,12,latrine,09232023_81,D2,8,Record,20230925_06.00_C4_081_latrine.tiff,,Y,Y,20230925_06.00_C4_081_latrine_ps.csv
1,5,Old,82,F,2,light,10/2/2023,6:00:00 PM,12,latrine,,,1,Accl,20231002_18.00_C5_082_F_latrine.tiff,Y,,,
1,5,Old,82,F,2,dark,10/3/2023,6:00:00 AM,12,latrine,,,1,Accl,20231003_06.00_C5_082_F_latrine.tiff,,,,20231003_06.00_C5_082_F_latrine.csv
1,5,Old,82,F,2,light,10/3/2023,6:00:00 PM,12,latrine,,,2,Accl,20231003_18.00_C5_082_F_latrine.tiff,Y,,,
1,5,Old,82,F,2,dark,10/4/2023,6:00:00 AM,12,latrine,,,2,Accl,20231004_06.00_C5_082_F_latrine.tiff,,Y,Y,20231004_06.00_C5_082_F_latrine_ps.csv
1,5,Old,82,F,2,light,10/4/2023,6:00:00 PM,12,latrine,10042023_82,L1,3,Record,20231004_18.00_C5_082_F_latrine.tiff,,,,20231004_18.00_C5_082_F_latrine.csv
1,5,Old,82,F,2,dark,10/5/2023,6:00:00 AM,12,latrine,10042023_82,D1,3,Record,20231005_06.00_C5_082_F_latrine.tiff,,,,20231005_06.00_C5_082_F_latrine.csv
1,5,Old,82,F,2,light,10/5/2023,6:00:00 PM,12,latrine,10042023_82,L2,4,Record,20231005_18.00_C5_082_F_latrine.tiff,,,,20231005_18.00_C5_082_F_latrine.csv
1,5,Old,82,F,2,dark,10/6/2023,6:00:00 AM,12,latrine,10042023_82,D2,4,Record,20231006_06.00_C5_082_F_latrine.tiff,,,,20231006_06.00_C5_082_F_latrine.csv
1,5,Old,83,M,2,light,10/2/2023,6:00:00 PM,12,latrine,,,1,Accl,20231002_18.00_C5_083_M_latrine.tiff,Y,,,
1,5,Old,83,M,2,dark,10/3/2023,6:00:00 AM,12,latrine,,,1,Accl,20231003_06.00_C5_083_M_latrine.tiff,,,,20231003_06.00_C5_083_M_latrine.csv
1,5,Old,83,M,2,light,10/3/2023,6:00:00 PM,12,latrine,,,2,Accl,20231003_18.00_C5_083_M_latrine.tiff,Y,,,
1,5,Old,83,M,2,dark,10/4/2023,6:00:00 AM,12,latrine,,,2,Accl,20231004_06.00_C5_083_M_latrine.tiff,,,,20231004_06.00_C5_083_M_latrine.csv
1,5,Old,83,M,2,light,10/4/2023,6:00:00 PM,12,latrine,10042023_83,L1,3,Record,20231004_18.00_C5_083_M_latrine.tiff,Y,,,
1,5,Old,83,M,2,dark,10/5/2023,6:00:00 AM,12,latrine,10042023_83,D1,3,Record,20231005_06.00_C5_083_M_latrine.tiff,,,,20231005_06.00_C5_083_M_latrine.csv
1,5,Old,83,M,2,light,10/5/2023,6:00:00 PM,12,latrine,10042023_83,L2,4,Record,20231005_18.00_C5_083_M_latrine.tiff,Y,,,
1,5,Old,83,M,2,dark,10/6/2023,6:00:00 AM,12,latrine,10042023_83,D2,4,Record,20231006_06.00_C5_083_M_latrine.tiff,,,,20231006_06.00_C5_083_M_latrine.csv
1,6,Young,84,F,4,light,10/17/2023,6:00:00 PM,12,latrine,,,1,Accl,20231017_18.00_C6_084_F_latrine.tiff,Y,,,
1,6,Young,84,F,4,dark,10/18/2023,6:00:00 AM,12,latrine,,,1,Accl,20231018_06.00_C6_084_F_latrine.tiff,Y,Y,,20231018_06.00_C6_084_F_latrine.csv
1,6,Young,84,F,4,light,10/18/2023,6:00:00 PM,12,latrine,,,2,Accl,20231018_18.00_C6_084_F_latrine.tiff,Y,Y,,20231018_18.00_C6_084_F_latrine.csv
1,6,Young,84,F,4,dark,10/19/2023,6:00:00 AM,12,latrine,,,2,Accl,20231019_06.00_C6_084_F_latrine.tiff,,Y,,20231019_06.00_C6_084_F_latrine.csv
1,6,Young,84,F,4,light,10/19/2023,6:00:00 PM,12,latrine,,,3,Accl,20231019_18.00_C6_084_F_latrine.tiff,Y,Y,,20231019_18.00_C6_084_F_latrine.csv
1,6,Young,84,F,4,light,10/23/2023,6:00:00 PM,12,latrine,,,4,Accl,20231023_18.00_C6_084_F_latrine.tiff,Y,Y,,20231023_18.00_C6_084_F_latrine.csv
1,6,Young,84,F,4,dark,10/24/2023,6:00:00 AM,12,latrine,,,4,Accl,20231024_06.00_C6_084_F_latrine.tiff,,Y,,20231024_06.00_C6_084_F_latrine.csv
1,6,Young,84,F,4,light,10/24/2023,6:00:00 PM,12,latrine,,,5,Accl,20231024_18.00_C6_084_F_latrine.tiff,Y,,,
1,6,Young,84,F,4,dark,10/25/2023,6:00:00 AM,12,latrine,,,5,Accl,20231025_06.00_C6_084_F_latrine.tiff,,Y,Y,20231025_06.00_C6_084_F_latrine_ps.csv
1,6,Young,84,F,4,light,10/25/2023,6:00:00 PM,12,latrine,10252023_84,L1,6,Record,20231025_18.00_C6_084_F_latrine.tiff,,Y,Y,20231025_18.00_C6_084_F_latrine_ps.csv
1,6,Young,84,F,4,dark,10/26/2023,6:00:00 AM,12,latrine,10252023_84,D1,6,Record,20231026_06.00_C6_084_F_latrine.tiff,,Y,,20231026_06.00_C6_084_F_latrine.csv
1,6,Young,84,F,4,light,10/26/2023,6:00:00 PM,12,latrine,10252023_84,L2,7,Record,20231026_18.00_C6_084_F_latrine.tiff,,Y,Y,20231026_18.00_C6_084_F_latrine_ps.csv
1,6,Young,84,F,4,dark,10/27/2023,6:00:00 AM,12,latrine,10252023_84,D2,7,Record,20231027_06.00_C6_084_F_latrine.tiff,,Y,Y,20231027_06.00_C6_084_F_latrine_ps.csv
1,6,Young,84,F,4,light,10/27/2023,6:00:00 PM,12,home,10272023_84,L1,8,Ctrl,20231027_18.00_C6_084_F_home.tiff,,Y,,20231027_18.00_C6_084_F_home.csv
1,6,Young,84,F,4,light,10/27/2023,6:00:00 PM,12,latrine,10272023_84,L1,8,Ctrl,20231027_18.00_C6_084_F_latrine.tiff,,Y,Y,20231027_18.00_C6_084_F_latrine_ps.csv
1,6,Young,84,F,4,dark,10/28/2023,6:00:00 AM,12,home,10272023_84,D1,8,Ctrl,20231028_06.00_C6_084_F_home.tiff,,Y,,20231028_06.00_C6_084_F_home.csv
1,6,Young,84,F,4,dark,10/28/2023,6:00:00 AM,12,latrine,10272023_84,D1,8,Ctrl,20231028_06.00_C6_084_F_latrine.tiff,,Y,Y,20231028_06.00_C6_084_F_latrine_ps.csv
1,6,Young,85,F,4,light,10/17/2023,6:00:00 PM,12,latrine,,,1,Accl,20231017_18.00_C6_085_F_latrine.tiff,,,,20231017_18.00_C6_085_F_latrine.csv
1,6,Young,85,F,4,dark,10/18/2023,6:00:00 AM,12,latrine,,,1,Accl,20231018_06.00_C6_085_F_latrine.tiff,,,,20231018_06.00_C6_085_F_latrine.csv
1,6,Young,85,F,4,light,10/18/2023,6:00:00 PM,12,latrine,,,2,Accl,20231018_18.00_C6_085_F_latrine.tiff,,,,20231018_18.00_C6_085_F_latrine.csv
1,6,Young,85,F,4,dark,10/19/2023,6:00:00 AM,12,latrine,,,2,Accl,20231019_06.00_C6_085_F_latrine.tiff,,Y,Y,20231019_06.00_C6_085_F_latrine_ps.csv
1,6,Young,85,F,4,light,10/19/2023,6:00:00 PM,12,latrine,,,3,Accl,20231019_18.00_C6_085_F_latrine.tiff,,,,20231019_18.00_C6_085_F_latrine.csv
1,6,Young,85,F,4,light,10/23/2023,6:00:00 PM,12,latrine,,,4,Accl,20231023_18.00_C6_085_F_latrine.tiff,,Y,Y,20231023_18.00_C6_085_F_latrine_ps.csv
1,6,Young,85,F,4,dark,10/24/2023,6:00:00 AM,12,latrine,,,4,Accl,20231024_06.00_C6_085_F_latrine.tiff,,Y,Y,20231024_06.00_C6_085_F_latrine_ps.csv
1,6,Young,85,F,4,light,10/24/2023,6:00:00 PM,12,latrine,,,5,Accl,20231024_18.00_C6_085_F_latrine.tiff,Y,,,
1,6,Young,85,F,4,dark,10/25/2023,6:00:00 AM,12,latrine,,,5,Accl,20231025_06.00_C6_085_F_latrine.tiff,,Y,,20231025_06.00_C6_085_F_latrine.csv
1,6,Young,85,F,4,light,10/25/2023,6:00:00 PM,12,latrine,10252023_85,L1,6,Record,20231025_18.00_C6_085_F_latrine.tiff,Y,,,
1,6,Young,85,F,4,dark,10/26/2023,6:00:00 AM,12,latrine,10252023_85,D1,6,Record,20231026_06.00_C6_085_F_latrine.tiff,,Y,Y,20231026_06.00_C6_085_F_latrine_ps.csv
1,6,Young,85,F,4,light,10/26/2023,6:00:00 PM,12,latrine,10252023_85,L2,7,Record,20231026_18.00_C6_085_F_latrine.tiff,,Y,Y,20231026_18.00_C6_085_F_latrine_ps.csv
1,6,Young,85,F,4,dark,10/27/2023,6:00:00 AM,12,latrine,10252023_85,D2,7,Record,20231027_06.00_C6_085_F_latrine.tiff,,Y,Y,20231027_06.00_C6_085_F_latrine_ps.csv
1,6,Young,85,F,4,light,10/27/2023,6:00:00 PM,12,home,10272023_85,L1,8,Ctrl,20231027_18.00_C6_085_F_home.tiff,,Y,Y,20231027_18.00_C6_085_F_home_ps.csv
1,6,Young,85,F,4,light,10/27/2023,6:00:00 PM,12,latrine,10272023_85,L1,8,Ctrl,20231027_18.00_C6_085_F_latrine.tiff,,Y,Y,20231027_18.00_C6_085_F_latrine_ps.csv
1,6,Young,85,F,4,dark,10/28/2023,6:00:00 AM,12,home,10272023_85,D1,8,Ctrl,20231028_06.00_C6_085_F_home.tiff,,Y,Y,20231028_06.00_C6_085_F_home_ps.csv
1,6,Young,85,F,4,dark,10/28/2023,6:00:00 AM,12,latrine,10272023_85,D1,8,Ctrl,20231028_06.00_C6_085_F_latrine.tiff,,Y,Y,20231028_06.00_C6_085_F_latrine_ps.csv
2,8,Young,86,M,3,dark,4/22/2024,6:00:00 AM,12,latrine,,,1,Accl,20240422_06.00_C8_86_M_latrine.tiff,,Y,,20240422_06.00_C8_86_M_latrine.csv
2,8,Young,86,M,3,light,4/22/2024,6:00:00 PM,12,latrine,,,1,Accl,20240422_18.00_C8_86_M_latrine.tiff,,,,20240422_18.00_C8_86_M_latrine.csv
2,8,Young,86,M,3,dark,4/23/2024,6:00:00 AM,12,latrine,,,2,Accl,20240423_06.00_C8_86_M_latrine.tiff,,Y,,20240423_06.00_C8_86_M_latrine.csv
2,8,Young,86,M,3,light,4/23/2024,6:00:00 PM,12,latrine,,,2,Accl,20240423_18.00_C8_86_M_latrine.tiff,,Y,,20240423_18.00_C8_86_M_latrine.csv
2,8,Young,86,M,3,dark,4/24/2024,6:00:00 AM,12,latrine,04232024_86,D1,3,Record,20240424_06.00_C8_86_M_latrine.tiff,,Y,,20240424_06.00_C8_86_M_latrine.csv
2,8,Young,86,M,3,light,4/24/2024,6:00:00 PM,12,latrine,04232024_86,L2,3,Record,20240424_18.00_C8_86_M_latrine.tiff,,Y,,20240424_18.00_C8_86_M_latrine.csv
2,8,Young,86,M,3,dark,4/25/2024,6:00:00 AM,12,latrine,04232024_86,D2,4,Record,20240425_06.00_C8_86_M_latrine.tiff,,Y,,20240425_06.00_C8_86_M_latrine.csv
2,8,Young,86,M,3,light,4/25/2024,6:00:00 PM,12,latrine,04232024_86,L3,4,Record,20240425_18.00_C8_86_M_latrine.tiff,,,,20240425_18.00_C8_86_M_latrine.csv
2,8,Young,86,M,3,dark,4/26/2024,6:00:00 AM,12,home,04252024_86,D1,5,Ctrl,20240426_06.00_C8_86_M_home.tiff,,Y,Y,20240426_06.00_C8_86_M_home_ps.csv
2,8,Young,86,M,3,dark,4/26/2024,6:00:00 AM,12,latrine,04252024_86,D1,5,Ctrl,20240426_06.00_C8_86_M_latrine.tiff,,Y,,20240426_06.00_C8_86_M_latrine.csv
2,8,Young,86,M,3,light,4/26/2024,6:00:00 PM,12,home,04252024_86,L2,5,Ctrl,20240426_18.00_C8_86_M_home.tiff,,Y,Y,20240426_18.00_C8_86_M_home_ps.csv
2,8,Young,86,M,3,light,4/26/2024,6:00:00 PM,12,latrine,04252024_86,L2,5,Ctrl,20240426_18.00_C8_86_M_latrine.tiff,,Y,,20240426_18.00_C8_86_M_latrine.csv
2,8,Young,86,M,3,dark,4/27/2024,6:00:00 AM,12,home,04252024_86,D2,6,Ctrl,20240427_06.00_C8_86_M_home.tiff,,Y,Y,20240427_06.00_C8_86_M_home_ps.csv
2,8,Young,86,M,3,dark,4/27/2024,6:00:00 AM,12,latrine,04252024_86,D2,6,Ctrl,20240427_06.00_C8_86_M_latrine.tiff,,Y,,20240427_06.00_C8_86_M_latrine.csv
2,8,Young,86,M,3,light,4/27/2024,6:00:00 PM,12,home,04252024_86,L3,6,Ctrl,20240427_18.00_C8_86_M_home.tiff,,Y,Y,20240427_18.00_C8_86_M_home_ps.csv
2,8,Young,86,M,3,light,4/27/2024,6:00:00 PM,12,latrine,04252024_86,L3,6,Ctrl,20240427_18.00_C8_86_M_latrine.tiff,,Y,Y,20240427_18.00_C8_86_M_latrine_ps.csv
2,8,Young,87,M,3,dark,4/22/2024,6:00:00 AM,12,latrine,,,1,Accl,20240422_06.00_C8_87_M_latrine.tiff,,,,20240422_06.00_C8_87_M_latrine.csv
2,8,Young,87,M,3,light,4/22/2024,6:00:00 PM,12,latrine,,,1,Accl,20240422_18.00_C8_87_M_latrine.tiff,Y,,,
2,8,Young,87,M,3,dark,4/23/2024,6:00:00 AM,12,latrine,,,2,Accl,20240423_06.00_C8_87_M_latrine.tiff,,,,20240423_06.00_C8_87_M_latrine.csv
2,8,Young,87,M,3,light,4/23/2024,6:00:00 PM,12,latrine,,,2,Accl,20240423_18.00_C8_87_M_latrine.tiff,Y,,,
2,8,Young,87,M,3,dark,4/24/2024,6:00:00 AM,12,latrine,04232024_87,D1,3,Record,20240424_06.00_C8_87_M_latrine.tiff,,,,20240424_06.00_C8_87_M_latrine.csv
2,8,Young,87,M,3,light,4/24/2024,6:00:00 PM,12,latrine,04232024_87,L2,3,Record,20240424_18.00_C8_87_M_latrine.tiff,Y,,,
2,8,Young,87,M,3,dark,4/25/2024,6:00:00 AM,12,latrine,04232024_87,D2,4,Record,20240425_06.00_C8_87_M_latrine.tiff,,,,20240425_06.00_C8_87_M_latrine.csv
2,8,Young,87,M,3,light,4/25/2024,6:00:00 PM,12,latrine,04232024_87,L3,4,Record,20240425_18.00_C8_87_M_latrine.tiff,,,,20240425_18.00_C8_87_M_latrine.csv
2,8,Young,87,M,3,dark,4/26/2024,6:00:00 AM,12,home,04252024_87,D1,5,Ctrl,20240426_06.00_C8_87_M_home.tiff,,Y,Y,20240426_06.00_C8_87_M_home_ps.csv
2,8,Young,87,M,3,dark,4/26/2024,6:00:00 AM,12,latrine,04252024_87,D1,5,Ctrl,20240426_06.00_C8_87_M_latrine.tiff,,,,20240426_06.00_C8_87_M_latrine.csv
2,8,Young,87,M,3,light,4/26/2024,6:00:00 PM,12,home,04252024_87,L2,5,Ctrl,20240426_18.00_C8_87_M_home.tiff,,Y,Y,20240426_18.00_C8_87_M_home_ps.csv
2,8,Young,87,M,3,light,4/26/2024,6:00:00 PM,12,latrine,04252024_87,L2,5,Ctrl,20240426_18.00_C8_87_M_latrine.tiff,,,,20240426_18.00_C8_87_M_latrine.csv
2,8,Young,87,M,3,dark,4/27/2024,6:00:00 AM,12,home,04252024_87,D2,6,Ctrl,20240427_06.00_C8_87_M_home.tiff,,Y,Y,20240427_06.00_C8_87_M_home_ps.csv
2,8,Young,87,M,3,dark,4/27/2024,6:00:00 AM,12,latrine,04252024_87,D2,6,Ctrl,20240427_06.00_C8_87_M_latrine.tiff,,,,20240427_06.00_C8_87_M_latrine.csv
2,8,Young,87,M,3,light,4/27/2024,6:00:00 PM,12,home,04252024_87,L3,6,Ctrl,20240427_18.00_C8_87_M_home.tiff,,,Y,20240427_18.00_C8_87_M_home_ps.csv
2,8,Young,87,M,3,light,4/27/2024,6:00:00 PM,12,latrine,04252024_87,L3,6,Ctrl,20240427_18.00_C8_87_M_latrine.tiff,,,,20240427_18.00_C8_87_M_latrine.csv
2,8,Young,88,F,3,dark,4/22/2024,6:00:00 AM,12,latrine,,,1,Accl,20240422_06.00_C8_88_F_latrine.tiff,,,,20240422_06.00_C8_88_F_latrine.csv
2,8,Young,88,F,3,light,4/22/2024,6:00:00 PM,12,latrine,,,1,Accl,20240422_18.00_C8_88_F_latrine.tiff,,,,20240422_18.00_C8_88_F_latrine.csv
2,8,Young,88,F,3,dark,4/23/2024,6:00:00 AM,12,latrine,,,2,Accl,20240423_06.00_C8_88_F_latrine.tiff,,Y,Y,20240423_06.00_C8_88_F_latrine_ps.csv
2,8,Young,88,F,3,light,4/23/2024,6:00:00 PM,12,latrine,,,2,Accl,20240423_18.00_C8_88_F_latrine.tiff,,,,20240423_18.00_C8_88_F_latrine.csv
2,8,Young,88,F,3,dark,4/24/2024,6:00:00 AM,12,latrine,04232024_88,D1,3,Record,20240424_06.00_C8_88_F_latrine.tiff,,Y,,20240424_06.00_C8_88_F_latrine.csv
2,8,Young,88,F,3,light,4/24/2024,6:00:00 PM,12,latrine,04232024_88,L2,3,Record,20240424_18.00_C8_88_F_latrine.tiff,,,,20240424_18.00_C8_88_F_latrine.csv
2,8,Young,88,F,3,dark,4/25/2024,6:00:00 AM,12,latrine,04232024_88,D2,4,Record,20240425_06.00_C8_88_F_latrine.tiff,,Y,,20240425_06.00_C8_88_F_latrine.csv
2,8,Young,88,F,3,light,4/25/2024,6:00:00 PM,12,latrine,04232024_88,L3,4,Record,20240425_18.00_C8_88_F_latrine.tiff,,Y,Y,20240425_18.00_C8_88_F_latrine_ps.csv
2,8,Young,88,F,3,dark,4/26/2024,6:00:00 AM,12,home,04252024_88,D1,5,Ctrl,20240426_06.00_C8_88_F_home.tiff,,Y,Y,20240426_06.00_C8_88_F_home_ps.csv
2,8,Young,88,F,3,dark,4/26/2024,6:00:00 AM,12,latrine,04252024_88,D1,5,Ctrl,20240426_06.00_C8_88_F_latrine.tiff,,Y,,20240426_06.00_C8_88_F_latrine.csv
2,8,Young,88,F,3,light,4/26/2024,6:00:00 PM,12,home,04252024_88,L2,5,Ctrl,20240426_18.00_C8_88_F_home.tiff,,Y,Y,20240426_18.00_C8_88_F_home_ps.csv
2,8,Young,88,F,3,light,4/26/2024,6:00:00 PM,12,latrine,04252024_88,L2,5,Ctrl,20240426_18.00_C8_88_F_latrine.tiff,,Y,,20240426_18.00_C8_88_F_latrine.csv
2,8,Young,88,F,3,dark,4/27/2024,6:00:00 AM,12,home,04252024_88,D2,6,Ctrl,20240427_06.00_C8_88_F_home.tiff,,Y,Y,20240427_06.00_C8_88_F_home_ps.csv
2,8,Young,88,F,3,dark,4/27/2024,6:00:00 AM,12,latrine,04252024_88,D2,6,Ctrl,20240427_06.00_C8_88_F_latrine.tiff,,Y,Y,20240427_06.00_C8_88_F_latrine_ps.csv
2,8,Young,88,F,3,light,4/27/2024,6:00:00 PM,12,home,04252024_88,L3,6,Ctrl,20240427_18.00_C8_88_F_home.tiff,,Y,Y,20240427_18.00_C8_88_F_home_ps.csv
2,8,Young,88,F,3,light,4/27/2024,6:00:00 PM,12,latrine,04252024_88,L3,6,Ctrl,20240427_18.00_C8_88_F_latrine.tiff,,Y,Y,20240427_18.00_C8_88_F_latrine_ps.csv
2,9,Young,89,F,3,dark,4/29/2024,6:00:00 AM,12,latrine,,,1,Accl,20240429_06.00_C9_89_F_latrine.tiff,,,,20240429_06.00_C9_89_F_latrine.csv
2,9,Young,89,F,3,light,4/29/2024,6:00:00 PM,12,latrine,,,1,Accl,20240429_18.00_C9_89_F_latrine.tiff,Y,,,
2,9,Young,89,F,3,dark,4/30/2024,6:00:00 AM,12,latrine,,,2,Accl,20240430_06.00_C9_89_F_latrine.tiff,Y,Y,,20240430_06.00_C9_89_F_latrine.csv
2,9,Young,89,F,3,light,4/30/2024,6:00:00 PM,12,latrine,,,2,Accl,20240430_18.00_C9_89_F_latrine.tiff,Y,,,
2,9,Young,89,F,3,dark,5/1/2024,6:00:00 AM,12,latrine,04272024_89,D1,3,Record,20240501_06.00_C9_89_F_latrine.tiff,,,Y,20240501_06.00_C9_89_F_latrine_ps.csv
2,9,Young,89,F,3,light,5/1/2024,6:00:00 PM,12,latrine,04272024_89,L2,3,Record,20240501_18.00_C9_89_F_latrine.tiff,Y,,,
2,9,Young,89,F,3,dark,5/2/2024,6:00:00 AM,12,latrine,04272024_89,D2,4,Record,20240502_06.00_C9_89_F_latrine.tiff,,,Y,20240502_06.00_C9_89_F_latrine_ps.csv
2,9,Young,89,F,3,light,5/2/2024,6:00:00 PM,12,latrine,04272024_89,L3,4,Record,20240502_18.00_C9_89_F_latrine.tiff,,,,20240502_18.00_C9_89_F_latrine.csv
2,9,Young,89,F,3,dark,5/3/2024,6:00:00 AM,12,home,05022024_89,D1,5,Ctrl,20240503_06.00_C9_89_F_home.tiff,,Y,Y,20240503_06.00_C9_89_F_home_ps.csv
2,9,Young,89,F,3,dark,5/3/2024,6:00:00 AM,12,latrine,05022024_89,D1,5,Ctrl,20240503_06.00_C9_89_F_latrine.tiff,,Y,,20240503_06.00_C9_89_F_latrine.csv
2,9,Young,89,F,3,light,5/3/2024,6:00:00 PM,12,home,05022024_89,L2,5,Ctrl,20240503_18.00_C9_89_F_home.tiff,,,Y,20240503_18.00_C9_89_F_home_ps.csv
2,9,Young,89,F,3,light,5/3/2024,6:00:00 PM,12,latrine,05022024_89,L2,5,Ctrl,20240503_18.00_C9_89_F_latrine.tiff,,,,20240503_18.00_C9_89_F_latrine.csv
2,9,Young,89,F,3,dark,5/4/2024,6:00:00 AM,12,home,05022024_89,D2,6,Ctrl,20240504_06.00_C9_89_F_home.tiff,,Y,Y,20240504_06.00_C9_89_F_home_ps.csv
2,9,Young,89,F,3,dark,5/4/2024,6:00:00 AM,12,latrine,05022024_89,D2,6,Ctrl,20240504_06.00_C9_89_F_latrine.tiff,,Y,,20240504_06.00_C9_89_F_latrine.csv
2,9,Young,89,F,3,light,5/4/2024,6:00:00 PM,12,home,05022024_89,L3,6,Ctrl,20240504_18.00_C9_89_F_home.tiff,,Y,Y,20240504_18.00_C9_89_F_home_ps.csv
2,9,Young,89,F,3,light,5/4/2024,6:00:00 PM,12,latrine,05022024_89,L3,6,Ctrl,20240504_18.00_C9_89_F_latrine.tiff,,Y,,20240504_18.00_C9_89_F_latrine.csv
2,9,Old,90,M,3,dark,4/29/2024,6:00:00 AM,12,latrine,,,1,Accl,20240429_06.00_C9_90_M_latrine.tiff,,Y,,20240429_06.00_C9_90_M_latrine.csv
2,9,Old,90,M,3,light,4/29/2024,6:00:00 PM,12,latrine,,,1,Accl,20240429_18.00_C9_90_M_latrine.tiff,,,,20240429_18.00_C9_90_M_latrine.csv
2,9,Old,90,M,3,dark,4/30/2024,6:00:00 AM,12,latrine,,,2,Accl,20240430_06.00_C9_90_M_latrine.tiff,,Y,,20240430_06.00_C9_90_M_latrine.csv
2,9,Old,90,M,3,light,4/30/2024,6:00:00 PM,12,latrine,,,2,Accl,20240430_18.00_C9_90_M_latrine.tiff,,,,20240430_18.00_C9_90_M_latrine.csv
2,9,Old,90,M,3,dark,5/1/2024,6:00:00 AM,12,latrine,04272024_90,D1,3,Record,20240501_06.00_C9_90_M_latrine.tiff,,Y,,20240501_06.00_C9_90_M_latrine.csv
2,9,Old,90,M,3,light,5/1/2024,6:00:00 PM,12,latrine,04272024_90,L2,3,Record,20240501_18.00_C9_90_M_latrine.tiff,,,,20240501_18.00_C9_90_M_latrine.csv
2,9,Old,90,M,3,dark,5/2/2024,6:00:00 AM,12,latrine,04272024_90,D2,4,Record,20240502_06.00_C9_90_M_latrine.tiff,,Y,,20240502_06.00_C9_90_M_latrine.csv
2,9,Old,90,M,3,light,5/2/2024,6:00:00 PM,12,latrine,04272024_90,L3,4,Record,20240502_18.00_C9_90_M_latrine.tiff,,,,20240502_18.00_C9_90_M_latrine.csv
2,9,Old,90,M,3,dark,5/3/2024,6:00:00 AM,12,home,05022024_90,D1,5,Ctrl,20240503_06.00_C9_90_M_home.tiff,,Y,Y,20240503_06.00_C9_90_M_home_ps.csv
2,9,Old,90,M,3,dark,5/3/2024,6:00:00 AM,12,latrine,05022024_90,D1,5,Ctrl,20240503_06.00_C9_90_M_latrine.tiff,,Y,Y,20240503_06.00_C9_90_M_latrine_ps.csv
2,9,Old,90,M,3,light,5/3/2024,6:00:00 PM,12,home,05022024_90,L2,5,Ctrl,20240503_18.00_C9_90_M_home.tiff,,Y,Y,20240503_18.00_C9_90_M_home_ps.csv
2,9,Old,90,M,3,light,5/3/2024,6:00:00 PM,12,latrine,05022024_90,L2,5,Ctrl,20240503_18.00_C9_90_M_latrine.tiff,,,,20240503_18.00_C9_90_M_latrine.csv
2,9,Old,90,M,3,dark,5/4/2024,6:00:00 AM,12,home,05022024_90,D2,6,Ctrl,20240504_06.00_C9_90_M_home.tiff,,Y,Y,20240504_06.00_C9_90_M_home_ps.csv
2,9,Old,90,M,3,dark,5/4/2024,6:00:00 AM,12,latrine,05022024_90,D2,6,Ctrl,20240504_06.00_C9_90_M_latrine.tiff,,,,20240504_06.00_C9_90_M_latrine.csv
2,9,Old,90,M,3,light,5/4/2024,6:00:00 PM,12,home,05022024_90,L3,6,Ctrl,20240504_18.00_C9_90_M_home.tiff,,Y,Y,20240504_18.00_C9_90_M_home_ps.csv
2,9,Old,90,M,3,light,5/4/2024,6:00:00 PM,12,latrine,05022024_90,L3,6,Ctrl,20240504_18.00_C9_90_M_latrine.tiff,,,,20240504_18.00_C9_90_M_latrine.csv
2,9,Old,1106,F,3,dark,4/29/2024,6:00:00 AM,12,latrine,,,1,Accl,20240429_06.00_C9_1106_F_latrine.tiff,Y,,,
2,9,Old,1106,F,3,light,4/29/2024,6:00:00 PM,12,latrine,,,1,Accl,20240429_18.00_C9_1106_F_latrine.tiff,Y,,,
2,9,Old,1106,F,3,dark,4/30/2024,6:00:00 AM,12,latrine,,,2,Accl,20240430_06.00_C9_1106_F_latrine.tiff,,Y,Y,20240430_06.00_C9_1106_F_latrine_ps.csv
2,9,Old,1106,F,3,light,4/30/2024,6:00:00 PM,12,latrine,,,2,Accl,20240430_18.00_C9_1106_F_latrine.tiff,Y,,,
2,9,Old,1106,F,3,dark,5/1/2024,6:00:00 AM,12,latrine,04272024_1106,D1,3,Record,20240501_06.00_C9_1106_F_latrine.tiff,,,,20240501_06.00_C9_1106_F_latrine.csv
2,9,Old,1106,F,3,light,5/1/2024,6:00:00 PM,12,latrine,04272024_1106,L2,3,Record,20240501_18.00_C9_1106_F_latrine.tiff,Y,,,
2,9,Old,1106,F,3,dark,5/2/2024,6:00:00 AM,12,latrine,04272024_1106,D2,4,Record,20240502_06.00_C9_1106_F_latrine.tiff,,Y,Y,20240502_06.00_C9_1106_F_latrine_ps.csv
2,9,Old,1106,F,3,light,5/2/2024,6:00:00 PM,12,latrine,04272024_1106,L3,4,Record,20240502_18.00_C9_1106_F_latrine.tiff,,,,20240502_18.00_C9_1106_F_latrine.csv
2,9,Old,1106,F,3,dark,5/3/2024,6:00:00 AM,12,home,05022024_1106,D1,5,Ctrl,20240503_06.00_C9_1106_F_home.tiff,,Y,Y,20240503_06.00_C9_1106_F_home_ps.csv
2,9,Old,1106,F,3,dark,5/3/2024,6:00:00 AM,12,latrine,05022024_1106,D1,5,Ctrl,20240503_06.00_C9_1106_F_latrine.tiff,,Y,,20240503_06.00_C9_1106_F_latrine.csv
2,9,Old,1106,F,3,light,5/3/2024,6:00:00 PM,12,home,05022024_1106,L2,5,Ctrl,20240503_18.00_C9_1106_F_home.tiff,,Y,Y,20240503_18.00_C9_1106_F_home_ps.csv
2,9,Old,1106,F,3,light,5/3/2024,6:00:00 PM,12,latrine,05022024_1106,L2,5,Ctrl,20240503_18.00_C9_1106_F_latrine.tiff,,,,20240503_18.00_C9_1106_F_latrine.csv
2,9,Old,1106,F,3,dark,5/4/2024,6:00:00 AM,12,home,05022024_1106,D2,6,Ctrl,20240504_06.00_C9_1106_F_home.tiff,,Y,Y,20240504_06.00_C9_1106_F_home_ps.csv
2,9,Old,1106,F,3,dark,5/4/2024,6:00:00 AM,12,latrine,05022024_1106,D2,6,Ctrl,20240504_06.00_C9_1106_F_latrine.tiff,,Y,Y,20240504_06.00_C9_1106_F_latrine_ps.csv
2,9,Old,1106,F,3,light,5/4/2024,6:00:00 PM,12,home,05022024_1106,L3,6,Ctrl,20240504_18.00_C9_1106_F_home.tiff,,Y,Y,20240504_18.00_C9_1106_F_home_ps.csv
2,9,Old,1106,F,3,light,5/4/2024,6:00:00 PM,12,latrine,05022024_1106,L3,6,Ctrl,20240504_18.00_C9_1106_F_latrine.tiff,,,,20240504_18.00_C9_1106_F_latrine.csv
2,10,Old,91,M,3,dark,5/5/2024,6:00:00 AM,12,latrine,,,1,Accl,20240505_06.00_C10_91_M_latrine.tiff,,Y,,20240505_06.00_C10_91_M_latrine.csv
2,10,Old,91,M,3,light,5/5/2024,6:00:00 PM,12,latrine,,,1,Accl,20240505_18.00_C10_91_M_latrine.tiff,,,,20240505_18.00_C10_91_M_latrine.csv
2,10,Old,91,M,3,dark,5/6/2024,6:00:00 AM,12,latrine,,,2,Accl,20240506_06.00_C10_91_M_latrine.tiff,,Y,Y,20240506_06.00_C10_91_M_latrine_ps.csv
2,10,Old,91,M,3,light,5/6/2024,6:00:00 PM,12,latrine,,,2,Accl,20240506_18.00_C10_91_M_latrine.tiff,,,,20240506_18.00_C10_91_M_latrine.csv
2,10,Old,91,M,3,dark,5/7/2024,6:00:00 AM,12,latrine,05062024_91,D1,3,Record,20240507_06.00_C10_91_M_latrine.tiff,,Y,,20240507_06.00_C10_91_M_latrine.csv
2,10,Old,91,M,3,light,5/7/2024,6:00:00 PM,12,latrine,05062024_91,L2,3,Record,20240507_18.00_C10_91_M_latrine.tiff,,,,20240507_18.00_C10_91_M_latrine.csv
2,10,Old,91,M,3,dark,5/8/2024,6:00:00 AM,12,latrine,05062024_91,D2,4,Record,20240508_06.00_C10_91_M_latrine.tiff,,,,20240508_06.00_C10_91_M_latrine.csv
2,10,Old,91,M,3,light,5/8/2024,6:00:00 PM,12,latrine,05062024_91,L3,4,Record,20240508_18.00_C10_91_M_latrine.tiff,,,,20240508_18.00_C10_91_M_latrine.csv
2,10,Old,91,M,3,dark,5/9/2024,6:00:00 AM,12,home,05082024_91,D1,5,Ctrl,20240509_06.00_C10_91_M_home.tiff,,Y,Y,20240509_06.00_C10_91_M_home_ps.csv
2,10,Old,91,M,3,dark,5/9/2024,6:00:00 AM,12,latrine,05082024_91,D1,5,Ctrl,20240509_06.00_C10_91_M_latrine.tiff,,Y,,20240509_06.00_C10_91_M_latrine.csv
2,10,Old,91,M,3,light,5/9/2024,6:00:00 PM,12,home,05082024_91,L2,5,Ctrl,20240509_18.00_C10_91_M_home.tiff,,,Y,20240509_18.00_C10_91_M_home_ps.csv
2,10,Old,91,M,3,light,5/9/2024,6:00:00 PM,12,latrine,05082024_91,L2,5,Ctrl,20240509_18.00_C10_91_M_latrine.tiff,,,,20240509_18.00_C10_91_M_latrine.csv
2,10,Old,91,M,3,dark,5/10/2024,6:00:00 AM,12,home,05082024_91,D2,6,Ctrl,20240510_06.00_C10_91_M_home.tiff,,Y,Y,20240510_06.00_C10_91_M_home_ps.csv
2,10,Old,91,M,3,dark,5/10/2024,6:00:00 AM,12,latrine,05082024_91,D2,6,Ctrl,20240510_06.00_C10_91_M_latrine.tiff,,Y,,20240510_06.00_C10_91_M_latrine.csv
2,10,Old,91,M,3,light,5/10/2024,6:00:00 PM,12,home,05082024_91,L3,6,Ctrl,20240510_18.00_C10_91_M_home.tiff,,Y,Y,20240510_18.00_C10_91_M_home_ps.csv
2,10,Old,91,M,3,light,5/10/2024,6:00:00 PM,12,latrine,05082024_91,L3,6,Ctrl,20240510_18.00_C10_91_M_latrine.tiff,,,,20240510_18.00_C10_91_M_latrine.csv
2,10,Old,92,M,3,dark,5/5/2024,6:00:00 AM,12,latrine,,,1,Accl,20240505_06.00_C10_92_M_latrine.tiff,,Y,,20240505_06.00_C10_92_M_latrine.csv
2,10,Old,92,M,3,light,5/5/2024,6:00:00 PM,12,latrine,,,1,Accl,20240505_18.00_C10_92_M_latrine.tiff,,,,20240505_18.00_C10_92_M_latrine.csv
2,10,Old,92,M,3,dark,5/6/2024,6:00:00 AM,12,latrine,,,2,Accl,20240506_06.00_C10_92_M_latrine.tiff,,Y,,20240506_06.00_C10_92_M_latrine.csv
2,10,Old,92,M,3,light,5/6/2024,6:00:00 PM,12,latrine,,,2,Accl,20240506_18.00_C10_92_M_latrine.tiff,,,,20240506_18.00_C10_92_M_latrine.csv
2,10,Old,92,M,3,dark,5/7/2024,6:00:00 AM,12,latrine,05062024_92,D1,3,Record,20240507_06.00_C10_92_M_latrine.tiff,,,,20240507_06.00_C10_92_M_latrine.csv
2,10,Old,92,M,3,light,5/7/2024,6:00:00 PM,12,latrine,05062024_92,L2,3,Record,20240507_18.00_C10_92_M_latrine.tiff,,Y,,20240507_18.00_C10_92_M_latrine.csv
2,10,Old,92,M,3,dark,5/8/2024,6:00:00 AM,12,latrine,05062024_92,D2,4,Record,20240508_06.00_C10_92_M_latrine.tiff,,Y,,20240508_06.00_C10_92_M_latrine.csv
2,10,Old,92,M,3,light,5/8/2024,6:00:00 PM,12,latrine,05062024_92,L3,4,Record,20240508_18.00_C10_92_M_latrine.tiff,,,,20240508_18.00_C10_92_M_latrine.csv
2,10,Old,92,M,3,dark,5/9/2024,6:00:00 AM,12,home,05082024_92,D1,5,Ctrl,20240509_06.00_C10_92_M_home.tiff,,Y,Y,20240509_06.00_C10_92_M_home_ps.csv
2,10,Old,92,M,3,dark,5/9/2024,6:00:00 AM,12,latrine,05082024_92,D1,5,Ctrl,20240509_06.00_C10_92_M_latrine.tiff,,Y,,20240509_06.00_C10_92_M_latrine.csv
2,10,Old,92,M,3,light,5/9/2024,6:00:00 PM,12,home,05082024_92,L2,5,Ctrl,20240509_18.00_C10_92_M_home.tiff,,,Y,20240509_18.00_C10_92_M_home_ps.csv
2,10,Old,92,M,3,light,5/9/2024,6:00:00 PM,12,latrine,05082024_92,L2,5,Ctrl,20240509_18.00_C10_92_M_latrine.tiff,,,,20240509_18.00_C10_92_M_latrine.csv
2,10,Old,92,M,3,dark,5/10/2024,6:00:00 AM,12,home,05082024_92,D2,6,Ctrl,20240510_06.00_C10_92_M_home.tiff,,Y,,20240510_06.00_C10_92_M_home.csv
2,10,Old,92,M,3,dark,5/10/2024,6:00:00 AM,12,latrine,05082024_92,D2,6,Ctrl,20240510_06.00_C10_92_M_latrine.tiff,,Y,,20240510_06.00_C10_92_M_latrine.csv
2,10,Old,92,M,3,light,5/10/2024,6:00:00 PM,12,home,05082024_92,L3,6,Ctrl,20240510_18.00_C10_92_M_home.tiff,,,Y,20240510_18.00_C10_92_M_home_ps.csv
2,10,Old,92,M,3,light,5/10/2024,6:00:00 PM,12,latrine,05082024_92,L3,6,Ctrl,20240510_18.00_C10_92_M_latrine.tiff,,,,20240510_18.00_C10_92_M_latrine.csv
2,10,Old,93,F,3,dark,5/5/2024,6:00:00 AM,12,latrine,,,1,Accl,20240505_06.00_C10_93_F_latrine.tiff,Y,,,
2,10,Old,93,F,3,light,5/5/2024,6:00:00 PM,12,latrine,,,1,Accl,20240505_18.00_C10_93_F_latrine.tiff,Y,,,
2,10,Old,93,F,3,dark,5/6/2024,6:00:00 AM,12,latrine,,,2,Accl,20240506_06.00_C10_93_F_latrine.tiff,,Y,Y,20240506_06.00_C10_93_F_latrine_ps.csv
2,10,Old,93,F,3,light,5/6/2024,6:00:00 PM,12,latrine,,,2,Accl,20240506_18.00_C10_93_F_latrine.tiff,Y,,,
2,10,Old,93,F,3,dark,5/7/2024,6:00:00 AM,12,latrine,05062024_93,D1,3,Record,20240507_06.00_C10_93_F_latrine.tiff,,Y,Y,20240507_06.00_C10_93_F_latrine_ps.csv
2,10,Old,93,F,3,light,5/7/2024,6:00:00 PM,12,latrine,05062024_93,L2,3,Record,20240507_18.00_C10_93_F_latrine.tiff,,,Y,20240507_18.00_C10_93_F_latrine_ps.csv
2,10,Old,93,F,3,dark,5/8/2024,6:00:00 AM,12,latrine,05062024_93,D2,4,Record,20240508_06.00_C10_93_F_latrine.tiff,,Y,Y,20240508_06.00_C10_93_F_latrine_ps.csv
2,10,Old,93,F,3,light,5/8/2024,6:00:00 PM,12,latrine,05062024_93,L3,4,Record,20240508_18.00_C10_93_F_latrine.tiff,,,,20240508_18.00_C10_93_F_latrine.csv
2,10,Old,93,F,3,dark,5/9/2024,6:00:00 AM,12,home,05082024_93,D1,5,Ctrl,20240509_06.00_C10_93_F_home.tiff,,Y,Y,20240509_06.00_C10_93_F_home_ps.csv
2,10,Old,93,F,3,dark,5/9/2024,6:00:00 AM,12,latrine,05082024_93,D1,5,Ctrl,20240509_06.00_C10_93_F_latrine.tiff,,Y,Y,20240509_06.00_C10_93_F_latrine_ps.csv
2,10,Old,93,F,3,light,5/9/2024,6:00:00 PM,12,home,05082024_93,L2,5,Ctrl,20240509_18.00_C10_93_F_home.tiff,,Y,Y,20240509_18.00_C10_93_F_home_ps.csv
2,10,Old,93,F,3,light,5/9/2024,6:00:00 PM,12,latrine,05082024_93,L2,5,Ctrl,20240509_18.00_C10_93_F_latrine.tiff,,,,20240509_18.00_C10_93_F_latrine.csv
2,10,Old,93,F,3,dark,5/10/2024,6:00:00 AM,12,home,05082024_93,D2,6,Ctrl,20240510_06.00_C10_93_F_home.tiff,,,,20240510_06.00_C10_93_F_home.csv
2,10,Old,93,F,3,dark,5/10/2024,6:00:00 AM,12,latrine,05082024_93,D2,6,Ctrl,20240510_06.00_C10_93_F_latrine.tiff,,Y,Y,20240510_06.00_C10_93_F_latrine_ps.csv
2,10,Old,93,F,3,light,5/10/2024,6:00:00 PM,12,home,05082024_93,L3,6,Ctrl,20240510_18.00_C10_93_F_home.tiff,,Y,Y,20240510_18.00_C10_93_F_home_ps.csv
2,10,Old,93,F,3,light,5/10/2024,6:00:00 PM,12,latrine,05082024_93,L3,6,Ctrl,20240510_18.00_C10_93_F_latrine.tiff,,Y,Y,20240510_18.00_C10_93_F_latrine_ps.csv
2,11,Old,94,F,3,dark,5/13/2024,6:00:00 AM,12,latrine,,,1,Accl,20240513_06.00_C11_94_F_latrine.tiff,,,,20240513_06.00_C11_94_F_latrine.csv
2,11,Old,94,F,3,light,5/13/2024,6:00:00 PM,12,latrine,,,1,Accl,20240513_18.00_C11_94_F_latrine.tiff,,,,20240513_18.00_C11_94_F_latrine.csv
2,11,Old,94,F,3,dark,5/14/2024,6:00:00 AM,12,latrine,,,2,Accl,20240514_06.00_C11_94_F_latrine.tiff,,,,20240514_06.00_C11_94_F_latrine.csv
2,11,Old,94,F,3,light,5/14/2024,6:00:00 PM,12,latrine,,,2,Accl,20240514_18.00_C11_94_F_latrine.tiff,,,,20240514_18.00_C11_94_F_latrine.csv
2,11,Old,94,F,3,dark,5/15/2024,6:00:00 AM,12,latrine,05142024_94,D1,3,Record,20240515_06.00_C11_94_F_latrine.tiff,,,,20240515_06.00_C11_94_F_latrine.csv
2,11,Old,94,F,3,light,5/15/2024,6:00:00 PM,12,latrine,05142024_94,L2,3,Record,20240515_18.00_C11_94_F_latrine.tiff,,,,20240515_18.00_C11_94_F_latrine.csv
2,11,Old,94,F,3,dark,5/16/2024,6:00:00 AM,12,latrine,05142024_94,D2,4,Record,20240516_06.00_C11_94_F_latrine.tiff,,Y,,20240516_06.00_C11_94_F_latrine.csv
2,11,Old,94,F,3,light,5/16/2024,6:00:00 PM,12,latrine,05142024_94,L3,4,Record,20240516_18.00_C11_94_F_latrine.tiff,,,,20240516_18.00_C11_94_F_latrine.csv
2,11,Old,95,M,3,dark,5/13/2024,6:00:00 AM,12,latrine,,,5,Accl,20240513_06.00_C11_95_M_latrine.tiff,,Y,Y,20240513_06.00_C11_95_M_latrine_ps.csv
2,11,Old,95,M,3,light,5/13/2024,6:00:00 PM,12,latrine,,,5,Accl,20240513_18.00_C11_95_M_latrine.tiff,,,,20240513_18.00_C11_95_M_latrine.csv
2,11,Old,95,M,3,dark,5/14/2024,6:00:00 AM,12,latrine,,,5,Accl,20240514_06.00_C11_95_M_latrine.tiff,,,,20240514_06.00_C11_95_M_latrine.csv
2,11,Old,95,M,3,light,5/14/2024,6:00:00 PM,12,latrine,,,5,Accl,20240514_18.00_C11_95_M_latrine.tiff,,,,20240514_18.00_C11_95_M_latrine.csv
2,11,Old,95,M,3,dark,5/15/2024,6:00:00 AM,12,latrine,05142024_95,D1,6,Record,20240515_06.00_C11_95_M_latrine.tiff,,,,20240515_06.00_C11_95_M_latrine.csv
2,11,Old,95,M,3,light,5/15/2024,6:00:00 PM,12,latrine,05142024_95,L2,6,Record,20240515_18.00_C11_95_M_latrine.tiff,,Y,,20240515_18.00_C11_95_M_latrine.csv
2,11,Old,95,M,3,dark,5/16/2024,6:00:00 AM,12,latrine,05142024_95,D2,6,Record,20240516_06.00_C11_95_M_latrine.tiff,,Y,Y,20240516_06.00_C11_95_M_latrine_ps.csv
2,11,Old,1253,F,3,dark,5/13/2024,6:00:00 AM,12,latrine,,,1,Accl,20240513_06.00_C11_1253_F_latrine.tiff,Y,,,
2,11,Old,1253,F,3,light,5/13/2024,6:00:00 PM,12,latrine,,,1,Accl,20240513_18.00_C11_1253_F_latrine.tiff,Y,,,
2,11,Old,1253,F,3,dark,5/14/2024,6:00:00 AM,12,latrine,,,2,Accl,20240514_06.00_C11_1253_F_latrine.tiff,,Y,,20240514_06.00_C11_1253_F_latrine.csv
2,11,Old,1253,F,3,light,5/14/2024,6:00:00 PM,12,latrine,,,2,Accl,20240514_18.00_C11_1253_F_latrine.tiff,Y,,,
2,11,Old,1253,F,3,dark,5/15/2024,6:00:00 AM,12,latrine,05142024_1253,D1,3,Record,20240515_06.00_C11_1253_F_latrine.tiff,,Y,Y,20240515_06.00_C11_1253_F_latrine_ps.csv
2,11,Old,1253,F,3,light,5/15/2024,6:00:00 PM,12,latrine,05142024_1253,L2,3,Record,20240515_18.00_C11_1253_F_latrine.tiff,,,,20240515_18.00_C11_1253_F_latrine.csv
2,11,Old,1253,F,3,dark,5/16/2024,6:00:00 AM,12,latrine,05142024_1253,D2,4,Record,20240516_06.00_C11_1253_F_latrine.tiff,,Y,Y,20240516_06.00_C11_1253_F_latrine_ps.csv
2,11,Old,1253,F,3,light,5/16/2024,6:00:00 PM,12,latrine,05142024_1253,L3,4,Record,20240516_18.00_C11_1253_F_latrine.tiff,,Y,Y,20240516_18.00_C11_1253_F_latrine_ps.csv
2,11,Old,1253,F,3,dark,5/17/2024,6:00:00 AM,12,home,05162024_1253,D1,5,Ctrl,20240517_06.00_C11_1253_F_home.tiff,,Y,Y,20240517_06.00_C11_1253_F_home_ps.csv
2,11,Old,1253,F,3,dark,5/17/2024,6:00:00 AM,12,latrine,05162024_1253,D1,5,Ctrl,20240517_06.00_C11_1253_F_latrine.tiff,,Y,Y,20240517_06.00_C11_1253_F_latrine_ps.csv
2,11,Old,1253,F,3,light,5/17/2024,6:00:00 PM,12,home,05162024_1253,L2,5,Ctrl,20240517_18.00_C11_1253_F_home.tiff,,Y,Y,20240517_18.00_C11_1253_F_home_ps.csv
2,11,Old,1253,F,3,light,5/17/2024,6:00:00 PM,12,latrine,05162024_1253,L2,5,Ctrl,20240517_18.00_C11_1253_F_latrine.tiff,,,,20240517_18.00_C11_1253_F_latrine.csv
2,11,Old,1253,F,3,dark,5/18/2024,6:00:00 AM,12,home,05162024_1253,D2,6,Ctrl,20240518_06.00_C11_1253_F_home.tiff,,Y,,20240518_06.00_C11_1253_F_home.csv
2,11,Old,1253,F,3,dark,5/18/2024,6:00:00 AM,12,latrine,05162024_1253,D2,6,Ctrl,20240518_06.00_C11_1253_F_latrine.tiff,,Y,Y,20240518_06.00_C11_1253_F_latrine_ps.csv
2,11,Old,1253,F,3,light,5/18/2024,6:00:00 PM,12,home,05162024_1253,L3,6,Ctrl,20240518_18.00_C11_1253_F_home.tiff,,Y,Y,20240518_18.00_C11_1253_F_home_ps.csv
2,11,Old,1253,F,3,light,5/18/2024,6:00:00 PM,12,latrine,05162024_1253,L3,6,Ctrl,20240518_18.00_C11_1253_F_latrine.tiff,,,,20240518_18.00_C11_1253_F_latrine.csv
2,12,Young,2158,F,3,dark,5/18/2024,6:00:00 AM,12,latrine,,,1,Accl,20240518_06.00_C12_2158_F_latrine.tiff,Y,,,
2,12,Young,2158,F,3,light,5/18/2024,6:00:00 PM,12,latrine,,,1,Accl,20240518_18.00_C12_2158_F_latrine.tiff,Y,,,
2,12,Young,2158,F,3,dark,5/19/2024,6:00:00 AM,12,latrine,,,2,Accl,20240519_06.00_C12_2158_F_latrine.tiff,,Y,Y,20240519_06.00_C12_2158_F_latrine_ps.csv
2,12,Young,2158,F,3,light,5/19/2024,6:00:00 PM,12,latrine,,,2,Accl,20240519_18.00_C12_2158_F_latrine.tiff,Y,,,
2,12,Young,2158,F,3,dark,5/20/2024,6:00:00 AM,12,latrine,05192024_2158,D1,3,Record,20240520_06.00_C12_2158_F_latrine.tiff,,Y,Y,20240520_06.00_C12_2158_F_latrine_ps.csv
2,12,Young,2158,F,3,light,5/20/2024,6:00:00 PM,12,latrine,05192024_2158,L2,3,Record,20240520_18.00_C12_2158_F_latrine.tiff,Y,,,
2,12,Young,2158,F,3,dark,5/21/2024,6:00:00 AM,12,latrine,05192024_2158,D2,4,Record,20240521_06.00_C12_2158_F_latrine.tiff,Y,Y,,20240521_06.00_C12_2158_F_latrine.csv
2,12,Young,2158,F,3,light,5/21/2024,6:00:00 PM,12,latrine,05192024_2158,L3,4,Record,20240521_18.00_C12_2158_F_latrine.tiff,,,,20240521_18.00_C12_2158_F_latrine.csv
2,12,Young,2158,F,3,dark,5/22/2024,6:00:00 AM,12,home,05212024_2158,D1,5,Ctrl,20240522_06.00_C12_2158_F_home.tiff,,Y,Y,20240522_06.00_C12_2158_F_home_ps.csv
2,12,Young,2158,F,3,dark,5/22/2024,6:00:00 AM,12,latrine,05212024_2158,D1,5,Ctrl,20240522_06.00_C12_2158_F_latrine.tiff,,Y,Y,20240522_06.00_C12_2158_F_latrine_ps.csv
2,12,Young,2158,F,3,light,5/22/2024,6:00:00 PM,12,home,05212024_2158,L2,5,Ctrl,20240522_18.00_C12_2158_F_home.tiff,,Y,Y,20240522_18.00_C12_2158_F_home_ps.csv
2,12,Young,2158,F,3,light,5/22/2024,6:00:00 PM,12,latrine,05212024_2158,L2,5,Ctrl,20240522_18.00_C12_2158_F_latrine.tiff,,,,20240522_18.00_C12_2158_F_latrine.csv
2,12,Young,2158,F,3,dark,5/23/2024,6:00:00 AM,12,home,05212024_2158,D2,6,Ctrl,20240523_06.00_C12_2158_F_home.tiff,,Y,Y,20240523_06.00_C12_2158_F_home_ps.csv
2,12,Young,2158,F,3,dark,5/23/2024,6:00:00 AM,12,latrine,05212024_2158,D2,6,Ctrl,20240523_06.00_C12_2158_F_latrine.tiff,,Y,,20240523_06.00_C12_2158_F_latrine.csv
2,12,Young,2158,F,3,light,5/23/2024,6:00:00 PM,12,home,05212024_2158,L3,6,Ctrl,20240523_18.00_C12_2158_F_home.tiff,,Y,Y,20240523_18.00_C12_2158_F_home_ps.csv
2,12,Young,2158,F,3,light,5/23/2024,6:00:00 PM,12,latrine,05212024_2158,L3,6,Ctrl,20240523_18.00_C12_2158_F_latrine.tiff,,Y,,20240523_18.00_C12_2158_F_latrine.csv
2,12,Young,2159,F,3,dark,5/18/2024,6:00:00 AM,12,latrine,,,1,Accl,20240518_06.00_C12_2159_F_latrine.tiff,Y,,,
2,12,Young,2159,F,3,light,5/18/2024,6:00:00 PM,12,latrine,,,1,Accl,20240518_18.00_C12_2159_F_latrine.tiff,Y,,,
2,12,Young,2159,F,3,dark,5/19/2024,6:00:00 AM,12,latrine,,,2,Accl,20240519_06.00_C12_2159_F_latrine.tiff,Y,,,
2,12,Young,2159,F,3,light,5/19/2024,6:00:00 PM,12,latrine,,,2,Accl,20240519_18.00_C12_2159_F_latrine.tiff,Y,,,
2,12,Young,2159,F,3,dark,5/20/2024,6:00:00 AM,12,latrine,05192024_2159,D1,3,Record,20240520_06.00_C12_2159_F_latrine.tiff,,Y,Y,20240520_06.00_C12_2159_F_latrine_ps.csv
2,12,Young,2159,F,3,light,5/20/2024,6:00:00 PM,12,latrine,05192024_2159,L2,3,Record,20240520_18.00_C12_2159_F_latrine.tiff,Y,,,
2,12,Young,2159,F,3,dark,5/21/2024,6:00:00 AM,12,latrine,05192024_2159,D2,4,Record,20240521_06.00_C12_2159_F_latrine.tiff,,Y,Y,20240521_06.00_C12_2159_F_latrine_ps.csv
2,12,Young,2159,F,3,light,5/21/2024,6:00:00 PM,12,latrine,05192024_2159,L3,4,Record,20240521_18.00_C12_2159_F_latrine.tiff,Y,,,
2,12,Young,2159,F,3,dark,5/22/2024,6:00:00 AM,12,home,05212024_2159,D1,5,Ctrl,20240522_06.00_C12_2159_F_home.tiff,,Y,Y,20240522_06.00_C12_2159_F_home_ps.csv
2,12,Young,2159,F,3,dark,5/22/2024,6:00:00 AM,12,latrine,05212024_2159,D1,5,Ctrl,20240522_06.00_C12_2159_F_latrine.tiff,,Y,Y,20240522_06.00_C12_2159_F_latrine_ps.csv
2,12,Young,2159,F,3,light,5/22/2024,6:00:00 PM,12,home,05212024_2159,L2,5,Ctrl,20240522_18.00_C12_2159_F_home.tiff,,Y,Y,20240522_18.00_C12_2159_F_home_ps.csv
2,12,Young,2159,F,3,light,5/22/2024,6:00:00 PM,12,latrine,05212024_2159,L2,5,Ctrl,20240522_18.00_C12_2159_F_latrine.tiff,,Y,,20240522_18.00_C12_2159_F_latrine.csv
2,12,Young,2159,F,3,dark,5/23/2024,6:00:00 AM,12,home,05212024_2159,D2,6,Ctrl,20240523_06.00_C12_2159_F_home.tiff,,Y,Y,20240523_06.00_C12_2159_F_home_ps.csv
2,12,Young,2159,F,3,dark,5/23/2024,6:00:00 AM,12,latrine,05212024_2159,D2,6,Ctrl,20240523_06.00_C12_2159_F_latrine.tiff,,Y,,20240523_06.00_C12_2159_F_latrine.csv
2,12,Young,2159,F,3,light,5/23/2024,6:00:00 PM,12,home,05212024_2159,L3,6,Ctrl,20240523_18.00_C12_2159_F_home.tiff,,Y,Y,20240523_18.00_C12_2159_F_home_ps.csv
2,12,Young,2159,F,3,light,5/23/2024,6:00:00 PM,12,latrine,05212024_2159,L3,6,Ctrl,20240523_18.00_C12_2159_F_latrine.tiff,,Y,Y,20240523_18.00_C12_2159_F_latrine_ps.csv
2,12,Young,2160,M,3,dark,5/18/2024,6:00:00 AM,12,latrine,,,1,Accl,20240518_06.00_C12_2160_M_latrine.tiff,,,,20240518_06.00_C12_2160_M_latrine.csv
2,12,Young,2160,M,3,light,5/18/2024,6:00:00 PM,12,latrine,,,1,Accl,20240518_18.00_C12_2160_M_latrine.tiff,,,,20240518_18.00_C12_2160_M_latrine.csv
2,12,Young,2160,M,3,dark,5/19/2024,6:00:00 AM,12,latrine,,,2,Accl,20240519_06.00_C12_2160_M_latrine.tiff,,,,20240519_06.00_C12_2160_M_latrine.csv
2,12,Young,2160,M,3,light,5/19/2024,6:00:00 PM,12,latrine,,,2,Accl,20240519_18.00_C12_2160_M_latrine.tiff,,,,20240519_18.00_C12_2160_M_latrine.csv
2,12,Young,2160,M,3,dark,5/20/2024,6:00:00 AM,12,latrine,05192024_2160,D1,3,Record,20240520_06.00_C12_2160_M_latrine.tiff,,,,20240520_06.00_C12_2160_M_latrine.csv
2,12,Young,2160,M,3,light,5/20/2024,6:00:00 PM,12,latrine,05192024_2160,L2,3,Record,20240520_18.00_C12_2160_M_latrine.tiff,,,,20240520_18.00_C12_2160_M_latrine.csv
2,12,Young,2160,M,3,dark,5/21/2024,6:00:00 AM,12,latrine,05192024_2160,D2,4,Record,20240521_06.00_C12_2160_M_latrine.tiff,,,,20240521_06.00_C12_2160_M_latrine.csv
2,12,Young,2160,M,3,light,5/21/2024,6:00:00 PM,12,latrine,05192024_2160,L3,4,Record,20240521_18.00_C12_2160_M_latrine.tiff,,,,20240521_18.00_C12_2160_M_latrine.csv
2,12,Young,2160,M,3,dark,5/22/2024,6:00:00 AM,12,home,05212024_2160,D1,5,Ctrl,20240522_06.00_C12_2160_M_home.tiff,,Y,Y,20240522_06.00_C12_2160_M_home_ps.csv
2,12,Young,2160,M,3,dark,5/22/2024,6:00:00 AM,12,latrine,05212024_2160,D1,5,Ctrl,20240522_06.00_C12_2160_M_latrine.tiff,,Y,Y,20240522_06.00_C12_2160_M_latrine_ps.csv
2,12,Young,2160,M,3,light,5/22/2024,6:00:00 PM,12,home,05212024_2160,L2,5,Ctrl,20240522_18.00_C12_2160_M_home.tiff,,,,20240522_18.00_C12_2160_M_home.csv
2,12,Young,2160,M,3,light,5/22/2024,6:00:00 PM,12,latrine,05212024_2160,L2,5,Ctrl,20240522_18.00_C12_2160_M_latrine.tiff,,,,20240522_18.00_C12_2160_M_latrine.csv
2,12,Young,2160,M,3,dark,5/23/2024,6:00:00 AM,12,home,05212024_2160,D2,6,Ctrl,20240523_06.00_C12_2160_M_home.tiff,,Y,Y,20240523_06.00_C12_2160_M_home_ps.csv
2,12,Young,2160,M,3,dark,5/23/2024,6:00:00 AM,12,latrine,05212024_2160,D2,6,Ctrl,20240523_06.00_C12_2160_M_latrine.tiff,,Y,,20240523_06.00_C12_2160_M_latrine.csv
2,12,Young,2160,M,3,light,5/23/2024,6:00:00 PM,12,home,05212024_2160,L3,6,Ctrl,20240523_18.00_C12_2160_M_home.tiff,,,Y,20240523_18.00_C12_2160_M_home_ps.csv
2,12,Young,2160,M,3,light,5/23/2024,6:00:00 PM,12,latrine,05212024_2160,L3,6,Ctrl,20240523_18.00_C12_2160_M_latrine.tiff,,,,20240523_18.00_C12_2160_M_latrine.csv
2,12,Young,2161,M,3,dark,5/18/2024,6:00:00 AM,12,latrine,,,1,Accl,20240518_06.00_C12_2161_M_latrine.tiff,,,,20240518_06.00_C12_2161_M_latrine.csv
2,12,Young,2161,M,3,light,5/18/2024,6:00:00 PM,12,latrine,,,1,Accl,20240518_18.00_C12_2161_M_latrine.tiff,,,,20240518_18.00_C12_2161_M_latrine.csv
2,12,Young,2161,M,3,dark,5/19/2024,6:00:00 AM,12,latrine,,,2,Accl,20240519_06.00_C12_2161_M_latrine.tiff,,Y,Y,20240519_06.00_C12_2161_M_latrine_ps.csv
2,12,Young,2161,M,3,light,5/19/2024,6:00:00 PM,12,latrine,,,2,Accl,20240519_18.00_C12_2161_M_latrine.tiff,,,,20240519_18.00_C12_2161_M_latrine.csv
2,12,Young,2161,M,3,dark,5/20/2024,6:00:00 AM,12,latrine,05192024_2161,D1,3,Record,20240520_06.00_C12_2161_M_latrine.tiff,,Y,Y,20240520_06.00_C12_2161_M_latrine_ps.csv
2,12,Young,2161,M,3,light,5/20/2024,6:00:00 PM,12,latrine,05192024_2161,L2,3,Record,20240520_18.00_C12_2161_M_latrine.tiff,Y,,,
2,12,Young,2161,M,3,dark,5/21/2024,6:00:00 AM,12,latrine,05192024_2161,D2,4,Record,20240521_06.00_C12_2161_M_latrine.tiff,,Y,Y,20240521_06.00_C12_2161_M_latrine_ps.csv
2,12,Young,2161,M,3,light,5/21/2024,6:00:00 PM,12,latrine,05192024_2161,L3,4,Record,20240521_18.00_C12_2161_M_latrine.tiff,,,,20240521_18.00_C12_2161_M_latrine.csv
2,12,Young,2161,M,3,dark,5/22/2024,6:00:00 AM,12,home,05212024_2161,D1,5,Ctrl,20240522_06.00_C12_2161_M_home.tiff,,Y,Y,20240522_06.00_C12_2161_M_home_ps.csv
2,12,Young,2161,M,3,dark,5/22/2024,6:00:00 AM,12,latrine,05212024_2161,D1,5,Ctrl,20240522_06.00_C12_2161_M_latrine.tiff,,Y,,20240522_06.00_C12_2161_M_latrine.csv
2,12,Young,2161,M,3,light,5/22/2024,6:00:00 PM,12,home,05212024_2161,L2,5,Ctrl,20240522_18.00_C12_2161_M_home.tiff,,Y,Y,20240522_18.00_C12_2161_M_home_ps.csv
2,12,Young,2161,M,3,light,5/22/2024,6:00:00 PM,12,latrine,05212024_2161,L2,5,Ctrl,20240522_18.00_C12_2161_M_latrine.tiff,,,,20240522_18.00_C12_2161_M_latrine.csv
2,12,Young,2161,M,3,dark,5/23/2024,6:00:00 AM,12,home,05212024_2161,D2,6,Ctrl,20240523_06.00_C12_2161_M_home.tiff,,Y,Y,20240523_06.00_C12_2161_M_home_ps.csv
2,12,Young,2161,M,3,dark,5/23/2024,6:00:00 AM,12,latrine,05212024_2161,D2,6,Ctrl,20240523_06.00_C12_2161_M_latrine.tiff,,Y,Y,20240523_06.00_C12_2161_M_latrine_ps.csv
2,12,Young,2161,M,3,light,5/23/2024,6:00:00 PM,12,home,05212024_2161,L3,6,Ctrl,20240523_18.00_C12_2161_M_home.tiff,,Y,Y,20240523_18.00_C12_2161_M_home_ps.csv
2,12,Young,2161,M,3,light,5/23/2024,6:00:00 PM,12,latrine,05212024_2161,L3,6,Ctrl,20240523_18.00_C12_2161_M_latrine.tiff,,,,20240523_18.00_C12_2161_M_latrine.csv