Round,Cohort,Age,Cage,Mouse_ID,earPunch,Sex,Trial,cFOS,Time_Void1,Time_Void2,Latency,Sac_time,cFOS_time,Weight,Date,Time,Exp,Start,End,trialDur,arenaSize,arenaColor,60m_voids,75m_voids,90m_voids,Fecal,fileName,TrueZero,Chewed,PhotoShop,CSV
1,1,Old,746,268,L,F,1,,,,,,,,8/8/2022,dark,AA,7:56:00 PM,9:26:00 PM,01:30,"15"" x 15""",Black,0,1,1,11,20220808_19.56_C1_746_268_F_VSA.tiff,,,,20220808_19.56_C1_746_268_F_VSA.csv
1,1,Old,746,268,L,F,4,,,,,,,,8/9/2022,dark,AA,6:35:00 PM,8:05:00 PM,01:30,"15"" x 15""",Black,0,0,0,6,20220809_18.35_C1_746_268_F_VSA.tiff,Y,,,
1,1,Old,746,268,L,F,2,,,,,,,,8/9/2022,light,AA,6:09:00 AM,7:39:00 AM,01:30,"15"" x 15""",Black,1,1,1,24,20220809_06.09_C1_746_268_F_VSA.tiff,,,,20220809_06.09_C1_746_268_F_VSA.csv
1,1,Old,746,268,L,F,3,,,,,,,,8/9/2022,light,AA,11:13:00 AM,12:43:00 PM,01:30,"15"" x 15""",Black,0,0,0,7,20220810_11.13_C1_746_268_F_VSA.tiff,Y,,,
1,1,Old,746,268,L,F,5,Y,8:03:30 AM,,01:05,8:33:30 AM,30,,8/11/2022,light,AA,6:58:00 AM,8:18:30 AM,01:20,"15"" x 15""",Black,,,,6,20220811_06.58_C1_746_268_F_VSA.tiff,,,,20220811_06.58_C1_746_268_F_VSA.csv
1,1,Old,746,269,R,F,1,,,,,,,,8/8/2022,dark,AA,6:19:00 PM,7:49:00 PM,01:30,"15"" x 15""",Black,0,0,0,6,20220808_18.19_C1_746_269_F_VSA.tiff,,,,20220808_18.19_C1_746_269_F_VSA.csv
1,1,Old,746,269,R,F,4,,,,,,,,8/9/2022,dark,AA,8:28:00 PM,9:58:00 PM,01:30,"15"" x 15""",Black,1,1,1,10,20220809_20.28_C1_746_269_F_VSA.tiff,,,,20220809_20.28_C1_746_269_F_VSA.csv
1,1,Old,746,269,R,F,2,,,,,,,,8/9/2022,light,AA,6:10:00 AM,7:40:00 AM,01:30,"15"" x 15""",Black,1,1,1,20,20220809_06.10_C1_746_269_F_VSA.tiff,,,,20220809_06.10_C1_746_269_F_VSA.csv
1,1,Old,746,269,R,F,3,,,,,,,,8/9/2022,light,AA,11:12:00 AM,12:42:00 PM,01:30,"15"" x 15""",Black,0,0,0,7,20220810_11.12_C1_746_269_F_VSA.tiff,Y,,,
1,1,Old,746,269,R,F,5,Y,10:05:00 AM,,03:07,10:35:00 AM,30,,8/11/2022,light,AA,6:58:00 AM,10:20:00 AM,03:22,"15"" x 15""",Black,,,,14,20220811_06.58_C1_746_269_F_VSA.tiff,,,,20220811_06.58_C1_746_269_F_VSA.csv
1,1,Old,746,270,LL,F,1,,,,,,,,8/8/2022,dark,AA,6:18:00 PM,7:48:00 PM,01:30,"15"" x 15""",Black,1,1,1,6,20220808_18.18_C1_746_270_F_VSA.tiff,,,,20220808_18.18_C1_746_270_F_VSA.csv
1,1,Old,746,270,LL,F,4,,,,,,,,8/9/2022,dark,AA,6:36:00 PM,8:06:00 PM,01:30,"15"" x 15""",Black,0,1,1,7,20220809_18.36_C1_746_270_F_VSA.tiff,,,,20220809_18.36_C1_746_270_F_VSA.csv
1,1,Old,746,270,LL,F,2,,,,,,,,8/9/2022,light,AA,7:44:00 AM,9:14:00 AM,01:30,"15"" x 15""",Black,1,1,1,9,20220809_07.44_C1_746_270_F_VSA.tiff,,,,20220809_07.44_C1_746_270_F_VSA.csv
1,1,Old,746,270,LL,F,3,,,,,,,,8/9/2022,light,AA,9:24:00 AM,11:04:00 AM,01:40,"15"" x 15""",Black,1,1,1,11,20220810_09.24_C1_746_270_F_VSA.tiff,,,,20220810_09.24_C1_746_270_F_VSA.csv
1,1,Old,746,270,LL,F,5,Y,7:46:00 PM,,01:33,8:16:00 PM,30,,8/10/2022,dark,AA,6:13:00 PM,8:01:00 PM,01:48,"15"" x 15""",Black,,,,11,20220810_18.13_C1_746_270_F_VSA.tiff,,,,20220810_18.13_C1_746_270_F_VSA.csv
1,1,Old,747,271,R,M,1,,,,,,,,8/8/2022,dark,AA,7:55:00 PM,9:25:00 PM,01:30,"15"" x 15""",Black,1,1,1,8,20220808_19.55_C1_747_271_M_VSA.tiff,,,,20220808_19.55_C1_747_271_M_VSA.csv
1,1,Old,747,271,R,M,4,,,,,,,,8/9/2022,dark,AA,6:37:00 PM,8:07:00 PM,01:30,"15"" x 15""",Black,0,0,1,12,20220809_18.37_C1_747_271_M_VSA.tiff,,,,20220809_18.37_C1_747_271_M_VSA.csv
1,1,Old,747,271,R,M,2,,,,,,,,8/9/2022,light,AA,6:07:00 AM,7:37:00 AM,01:30,"15"" x 15""",Black,1,2,3,17,20220809_06.07_C1_747_271_M_VSA.tiff,,,,20220809_06.07_C1_747_271_M_VSA.csv
1,1,Old,747,271,R,M,3,,,,,,,,8/9/2022,light,AA,11:11:00 AM,12:41:00 PM,01:30,"15"" x 15""",Black,1,1,1,11,20220810_11.11_C1_747_271_M_VSA.tiff,,,,20220810_11.11_C1_747_271_M_VSA.csv
1,1,Old,747,271,R,M,5,Y,8:44:00 AM,,01:47,9:14:00 AM,30,,8/11/2022,light,AA,6:57:00 AM,8:59:00 AM,02:02,"15"" x 15""",Black,,,,7,20220811_06.57_C1_747_271_M_VSA.tiff,,,,20220811_06.57_C1_747_271_M_VSA.csv
1,1,Old,747,272,LR,M,1,,,,,,,,8/8/2022,dark,AA,6:20:00 PM,7:50:00 PM,01:30,"15"" x 15""",Black,1,1,2,14,20220808_18.20_C1_747_272_M_VSA.tiff,,,,20220808_18.20_C1_747_272_M_VSA.csv
1,1,Old,747,272,LR,M,4,,,,,,,,8/9/2022,dark,AA,8:35:00 PM,10:05:00 PM,01:30,"15"" x 15""",Black,0,1,1,7,20220809_20.35_C1_747_272_M_VSA.tiff,,,,20220809_20.35_C1_747_272_M_VSA.csv
1,1,Old,747,272,LR,M,2,,,,,,,,8/9/2022,light,AA,7:43:00 AM,9:13:00 AM,01:30,"15"" x 15""",Black,1,1,2,23,20220809_07.43_C1_747_272_M_VSA.tiff,,,,20220809_07.43_C1_747_272_M_VSA.csv
1,1,Old,747,272,LR,M,3,,,,,,,,8/9/2022,light,AA,9:25:00 AM,11:05:00 AM,01:40,"15"" x 15""",Black,0,0,1,9,20220810_09.25_C1_747_272_M_VSA.tiff,,,,20220810_09.25_C1_747_272_M_VSA.csv
1,1,Old,747,272,LR,M,5,Y,7:49:30 PM,,01:35,8:19:30 PM,30,,8/10/2022,dark,AA,6:14:00 PM,8:04:00 PM,01:50,"15"" x 15""",Black,,,,5,20220810_18.14_C1_747_272_M_VSA.tiff,,,,20220810_18.14_C1_747_272_M_VSA.csv
1,2,Old,791,382,82,M,1,,,,,,,,8/23/2022,dark,AA,6:00:00 PM,7:30:00 PM,01:30,"8"" x 10""",White,,,,5,20220823_18.00_C2_791_382_M_VSA.tiff,,,,20220823_18.00_C2_791_382_M_VSA.csv
1,2,Old,791,382,82,M,2,,,,,,,,8/25/2022,light,AA,7:17:00 AM,9:54:00 AM,02:37,"8"" x 10""",White,,,,,20220825_07.17_C2_791_382_M_VSA.tiff,,,,20220825_07.17_C2_791_382_M_VSA.csv
1,2,Old,791,382,82,M,3,,,,,,,,8/26/2022,light,AA,8:29:00 AM,10:00:00 AM,01:31,"8"" x 10""",White,,,,4,20220826_08.29_C2_791_382_M_VSA.tiff,,,,20220826_08.29_C2_791_382_M_VSA.csv
1,2,Old,791,382,82,M,4,,,,,,,,8/29/2022,light,AA,8:54:00 AM,10:23:00 AM,01:29,"8"" x 10""",White,,,,0,20220829_08.54_C2_791_382_M_VSA.tiff,,,,20220829_08.54_C2_791_382_M_VSA.csv
1,2,Old,791,382,82,M,5,,,,,,,,8/31/2022,dark,AA,5:55:00 PM,7:30:00 PM,01:35,"8"" x 10""",White,,,,8,20220831_17.55_C2_791_382_M_VSA.tiff,,,,20220831_17.55_C2_791_382_M_VSA.csv
1,2,Old,791,382,82,M,6,Y,6:09:00 PM,,00:04,7:39:00 PM,30,,9/6/2022,dark,AA,6:05:00 PM,7:24:00 PM,01:19,"8"" x 10""",White,,,,6,20220906_18.05_C2_791_382_M_VSA.tiff,,,,20220906_18.05_C2_791_382_M_VSA.csv
1,2,Old,791,383,83,M,1,,,,,,,,8/23/2022,dark,AA,6:01:00 PM,7:32:00 PM,01:31,"8"" x 10""",White,,,,8,20220823_18.01_C2_791_383_M_VSA.tiff,,,,20220823_18.01_C2_791_383_M_VSA.csv
1,2,Old,791,383,83,M,2,,,,,,,,8/25/2022,light,AA,7:18:00 AM,9:55:00 AM,02:37,"8"" x 10""",White,,,,,20220825_07.18_C2_791_383_M_VSA.tiff,,,,20220825_07.18_C2_791_383_M_VSA.csv
1,2,Old,791,383,83,M,3,,,,,,,,8/26/2022,light,AA,8:29:00 AM,10:00:00 AM,01:31,"8"" x 10""",White,,,,2,20220826_08.29_C2_791_383_M_VSA.tiff,Y,,,
1,2,Old,791,383,83,M,4,,,,,,,,8/29/2022,light,AA,7:20:00 AM,8:50:00 AM,01:30,"8"" x 10""",White,,,,6,20220829_07.20_C2_791_383_M_VSA.tiff,,,,20220829_07.20_C2_791_383_M_VSA.csv
1,2,Old,791,383,83,M,5,,,,,,,,8/31/2022,dark,AA,7:43:00 PM,9:06:00 PM,01:23,"8"" x 10""",White,,,,3,20220831_19.43_C2_791_383_M_VSA.tiff,Y,,,
1,2,Old,791,383,83,M,6,Y,6:55:00 PM,7:02:00 PM,00:52,7:25:00 PM,30,,9/6/2022,dark,AA,6:03:00 PM,7:10:00 PM,01:07,"8"" x 10""",White,,,,5,20220906_18.03_C2_791_383_M_VSA.tiff,,,,20220906_18.03_C2_791_383_M_VSA.csv
1,2,Old,791,384,84,M,1,,,,,,,,8/23/2022,dark,AA,6:02:00 PM,7:30:00 PM,01:28,"8"" x 10""",White,,,,6,20220823_18.02_C2_791_384_M_VSA.tiff,,,,20220823_18.02_C2_791_384_M_VSA.csv
1,2,Old,791,384,84,M,2,,,,,,,,8/25/2022,light,AA,10:04:00 AM,1:56:00 PM,03:52,"8"" x 10""",White,,,,,20220825_10.04_C2_791_384_M_VSA.tiff,,,,20220825_10.04_C2_791_384_M_VSA.csv
1,2,Old,791,384,84,M,3,,,,,,,,8/26/2022,light,AA,6:50:00 AM,8:21:00 AM,01:31,"8"" x 10""",White,,,,2,20220826_06.50_C2_791_384_M_VSA.tiff,,,,20220826_06.50_C2_791_384_M_VSA.csv
1,2,Old,791,384,84,M,4,,,,,,,,8/29/2022,light,AA,7:20:00 AM,8:50:00 AM,01:30,"8"" x 10""",White,,,,3,20220829_07.20_C2_791_384_M_VSA.tiff,,,,20220829_07.20_C2_791_384_M_VSA.csv
1,2,Old,791,384,84,M,5,,,,,,,,8/31/2022,dark,AA,5:56:00 PM,7:30:00 PM,01:34,"8"" x 10""",White,,,,5,20220831_17.56_C2_791_384_M_VSA.tiff,,,,20220831_17.56_C2_791_384_M_VSA.csv
1,2,Old,791,384,84,M,6,Y,7:06:00 AM,,01:05,7:36:00 AM,30,,9/7/2022,light,AA,6:01:00 AM,7:22:00 AM,01:21,"8"" x 10""",White,,,,21,20220907_06.01_C2_791_384_M_VSA.tiff,,,,20220907_06.01_C2_791_384_M_VSA.csv
1,2,Old,791,385,85,M,1,,,,,,,,8/23/2022,dark,AA,7:41:00 PM,9:10:00 PM,01:29,"8"" x 10""",White,,,,3,20220823_19.41_C2_791_385_M_VSA.tiff,,,,20220823_19.41_C2_791_385_M_VSA.csv
1,2,Old,791,385,85,M,2,,,,,,,,8/25/2022,light,AA,10:01:00 AM,1:56:00 PM,03:55,"8"" x 10""",White,,,,,20220825_10.01_C2_791_385_M_VSA.tiff,,,,20220825_10.01_C2_791_385_M_VSA.csv
1,2,Old,791,385,85,M,3,,,,,,,,8/26/2022,light,AA,6:53:00 AM,8:23:00 AM,01:30,"8"" x 10""",White,,,,16,20220826_06.53_C2_791_385_M_VSA.tiff,,,,20220826_06.53_C2_791_385_M_VSA.csv
1,2,Old,791,385,85,M,4,,,,,,,,8/29/2022,light,AA,8:54:00 AM,10:23:00 AM,01:29,"8"" x 10""",White,,,,8,20220829_08.54_C2_791_385_M_VSA.tiff,,,,20220829_08.54_C2_791_385_M_VSA.csv
1,2,Old,791,385,85,M,5,,,,,,,,8/31/2022,dark,AA,5:57:00 PM,7:32:00 PM,01:35,"8"" x 10""",White,,,,9,20220831_17.57_C2_791_385_M_VSA.tiff,Y,,,
1,2,Old,791,385,85,M,6,Y,,,,8:44:00 AM,,,9/7/2022,light,AA,6:01:00 AM,8:40:00 AM,02:39,"8"" x 10""",White,,,,7,20220907_06.01_C2_791_385_M_VSA.tiff,,,,20220907_06.01_C2_791_385_M_VSA.csv
1,2,Old,791,386,86,M,1,,,,,,,,8/23/2022,dark,AA,7:40:00 PM,9:10:00 PM,01:30,"8"" x 10""",White,,,,4,20220823_19.40_C2_791_386_M_VSA.tiff,,,,20220823_19.40_C2_791_386_M_VSA.csv
1,2,Old,791,386,86,M,2,,,,,,,,8/25/2022,light,AA,10:11:00 AM,1:56:00 PM,03:45,"8"" x 10""",White,,,,,20220825_10.11_C2_791_386_M_VSA.tiff,,,,20220825_10.11_C2_791_386_M_VSA.csv
1,2,Old,791,386,86,M,3,,,,,,,,8/26/2022,light,AA,6:52:00 AM,8:22:00 AM,01:30,"8"" x 10""",White,,,,16,20220826_06.52_C2_791_386_M_VSA.tiff,,,,20220826_06.52_C2_791_386_M_VSA.csv
1,2,Old,791,386,86,M,4,,,,,,,,8/29/2022,light,AA,7:22:00 AM,8:52:00 AM,01:30,"8"" x 10""",White,,,,10,20220829_07.22_C2_791_386_M_VSA.tiff,,,,20220829_07.22_C2_791_386_M_VSA.csv
1,2,Old,791,386,86,M,5,,,,,,,,8/31/2022,dark,AA,7:43:00 PM,9:06:00 PM,01:23,"8"" x 10""",White,,,,6,20220831_19.43_C2_791_386_M_VSA.tiff,Y,,,
1,2,Old,791,386,86,M,6,Y,7:14:00 PM,,01:04,7:50:00 PM,36,,9/6/2022,dark,AA,6:10:00 PM,7:29:00 PM,01:19,"8"" x 10""",White,,,,4,20220906_18.10_C2_791_386_M_VSA.tiff,,,,20220906_18.10_C2_791_386_M_VSA.csv
1,2,Old,792,387,87,M,1,,,,,,,,8/23/2022,dark,AA,6:05:00 PM,7:35:00 PM,01:30,"8"" x 10""",White,,,,10,20220823_18.05_C2_792_387_M_VSA.tiff,,,,20220823_18.05_C2_792_387_M_VSA.csv
1,2,Old,792,387,87,M,2,,,,,,,,8/25/2022,light,AA,7:19:00 AM,10:05:00 AM,02:46,"8"" x 10""",White,,,,,20220825_07.19_C2_792_387_M_VSA.tiff,,,,20220825_07.19_C2_792_387_M_VSA.csv
1,2,Old,792,387,87,M,3,,,,,,,,8/26/2022,light,AA,6:54:00 AM,8:23:00 AM,01:29,"8"" x 10""",White,,,,5,20220826_06.54_C2_792_387_M_VSA.tiff,,,,20220826_06.54_C2_792_387_M_VSA.csv
1,2,Old,792,387,87,M,4,,,,,,,,8/29/2022,light,AA,7:19:00 AM,8:49:00 AM,01:30,"8"" x 10""",White,,,,3,20220829_07.19_C2_792_387_M_VSA.tiff,,,,20220829_07.19_C2_792_387_M_VSA.csv
1,2,Old,792,387,87,M,5,,,,,,,,8/31/2022,dark,AA,7:47:00 PM,9:06:00 PM,01:19,"8"" x 10""",White,,,,6,20220831_19.47_C2_792_387_M_VSA.tiff,,,,20220831_19.47_C2_792_387_M_VSA.csv
1,2,Old,792,387,87,M,6,Y,7:18:00 PM,,01:11,7:55:00 PM,37,,9/6/2022,dark,AA,6:07:00 PM,7:33:00 PM,01:26,"8"" x 10""",White,,,,9,20220906_18.07_C2_792_387_M_VSA.tiff,,,,20220906_18.07_C2_792_387_M_VSA.csv
1,2,Old,792,388,88,M,1,,,,,,,,8/23/2022,dark,AA,7:45:00 PM,9:12:00 PM,01:27,"8"" x 10""",White,,,,12,20220823_19.45_C2_792_388_M_VSA.tiff,,,,20220823_19.45_C2_792_388_M_VSA.csv
1,2,Old,792,388,88,M,2,,,,,,,,8/25/2022,light,AA,10:08:00 AM,1:56:00 PM,03:48,"8"" x 10""",White,,,,,20220825_10.08_C2_792_388_M_VSA.tiff,,,,20220825_10.08_C2_792_388_M_VSA.csv
1,2,Old,792,388,88,M,3,,,,,,,,8/26/2022,light,AA,8:31:00 AM,10:01:00 AM,01:30,"8"" x 10""",White,,,,12,20220826_08.31_C2_792_388_M_VSA.tiff,,,,20220826_08.31_C2_792_388_M_VSA.csv
1,2,Old,792,388,88,M,4,,,,,,,,8/29/2022,light,AA,8:51:00 AM,10:21:00 AM,01:30,"8"" x 10""",White,,,,17,20220829_08.51_C2_792_388_M_VSA.tiff,,,,20220829_08.51_C2_792_388_M_VSA.csv
1,2,Old,792,388,88,M,5,,,,,,,,8/31/2022,dark,AA,7:47:00 PM,9:06:00 PM,01:19,"8"" x 10""",White,,,,10,20220831_19.47_C2_792_388_M_VSA.tiff,,,,20220831_19.47_C2_792_388_M_VSA.csv
1,2,Old,792,388,88,M,6,Y,6:04:00 AM,6:08:00 AM,00:02,6:38:00 AM,30,,9/7/2022,light,AA,6:02:00 AM,6:28:00 AM,00:26,"8"" x 10""",White,,,,7,20220907_06.02_C2_792_388_M_VSA.tiff,,,,20220907_06.02_C2_792_388_M_VSA.csv
1,2,Old,792,389,89,M,1,,,,,,,,8/23/2022,dark,AA,7:44:00 PM,9:12:00 PM,01:28,"8"" x 10""",White,,,,9,20220823_19.44_C2_792_389_M_VSA.tiff,,,,20220823_19.44_C2_792_389_M_VSA.csv
1,2,Old,792,389,89,M,2,,,,,,,,8/25/2022,light,AA,7:20:00 AM,10:05:00 AM,02:45,"8"" x 10""",White,,,,,20220825_07.20_C2_792_389_M_VSA.tiff,,,,20220825_07.20_C2_792_389_M_VSA.csv
1,2,Old,792,389,89,M,3,,,,,,,,8/26/2022,light,AA,8:31:00 AM,10:01:00 AM,01:30,"8"" x 10""",White,,,,12,20220826_08.31_C2_792_389_M_VSA.tiff,,,,20220826_08.31_C2_792_389_M_VSA.csv
1,2,Old,792,389,89,M,4,,,,,,,,8/29/2022,light,AA,8:51:00 AM,10:21:00 AM,01:30,"8"" x 10""",White,,,,3,20220829_08.51_C2_792_389_M_VSA.tiff,,,,20220829_08.51_C2_792_389_M_VSA.csv
1,2,Old,792,389,89,M,5,,,,,,,,8/31/2022,dark,AA,5:58:00 PM,7:32:00 PM,01:34,"8"" x 10""",White,,,,8,20220831_17.58_C2_792_389_M_VSA.tiff,,,,20220831_17.58_C2_792_389_M_VSA.csv
1,2,Old,792,389,89,M,6,Y,6:16:00 AM,,00:14,6:46:00 AM,30,,9/7/2022,light,AA,6:02:00 AM,6:31:00 AM,00:29,"8"" x 10""",White,,,,4,20220907_06.02_C2_792_389_M_VSA.tiff,,,,20220907_06.02_C2_792_389_M_VSA.csv
1,3,Young,875,568,8,M,1,,,,,,,,11/1/2022,dark,AA,7:30:00 PM,9:00:00 PM,01:30,"8"" x 10""",White,,,,7,20221101_19.30_C3_875_568_M_VSA.tiff,,,,20221101_19.30_C3_875_568_M_VSA.csv
1,3,Young,875,568,8,M,2,,,,,,,,11/4/2022,light,AA,7:53:00 AM,9:26:00 AM,01:33,"8"" x 10""",White,,,,5,20221104_07.53_C3_875_568_M_VSA.tiff,,,,20221104_07.53_C3_875_568_M_VSA.csv
1,3,Young,875,568,8,M,3,,,,,,,,11/15/2022,dark,AA,6:02:00 PM,7:30:00 PM,01:28,"8"" x 10""",White,,,,10,20221115_18.02_C3_875_568_M_VSA.tiff,,,,20221115_18.02_C3_875_568_M_VSA.csv
1,3,Young,875,568,8,M,4,,,,,,,,11/17/2022,light,AA,6:23:00 AM,7:53:00 AM,01:30,"8"" x 10""",White,,,,14,20221117_06.23_C3_875_568_M_VSA.tiff,,,,20221117_06.23_C3_875_568_M_VSA.csv
1,3,Young,875,568,8,M,5,,,,,,,,11/30/2022,light,AA,6:05:00 AM,7:35:00 AM,01:30,"8"" x 10""",White,,,,,20221130_06.05_C3_875_568_M_VSA.tiff,,,,20221130_06.05_C3_875_568_M_VSA.csv
1,3,Young,875,568,8,M,6,Y,6:37:00 PM,,00:28,7:07:00 PM,30,,12/1/2022,dark,AA,6:09:00 PM,6:52:00 PM,00:43,"8"" x 10""",White,,,,0,20221201_18.09_C3_875_568_M_VSA.tiff,,,,20221201_18.09_C3_875_568_M_VSA.csv
1,3,Young,875,569,9,M,1,,,,,,,,11/1/2022,dark,AA,7:30:00 PM,9:02:00 PM,01:32,"8"" x 10""",White,,,,12,20221101_19.30_C3_875_569_M_VSA.tiff,,,,20221101_19.30_C3_875_569_M_VSA.csv
1,3,Young,875,569,9,M,2,,,,,,,,11/4/2022,light,AA,7:53:00 AM,9:26:00 AM,01:33,"8"" x 10""",White,,,,11,20221104_07.53_C3_875_569_M_VSA.tiff,,,,20221104_07.53_C3_875_569_M_VSA.csv
1,3,Young,875,569,9,M,3,,,,,,,,11/15/2022,dark,AA,6:02:00 PM,7:30:00 PM,01:28,"8"" x 10""",White,,,,10,20221115_18.02_C3_875_569_M_VSA.tiff,,,,20221115_18.02_C3_875_569_M_VSA.csv
1,3,Young,875,569,9,M,4,,,,,,,,11/17/2022,light,AA,6:23:00 AM,7:54:00 AM,01:31,"8"" x 10""",White,,,,12,20221117_06.23_C3_875_569_M_VSA.tiff,,,,20221117_06.23_C3_875_569_M_VSA.csv
1,3,Young,875,569,9,M,5,,,,,,,,11/30/2022,light,AA,6:05:00 AM,7:35:00 AM,01:30,"8"" x 10""",White,,,,,20221130_06.05_C3_875_569_M_VSA.tiff,,,,20221130_06.05_C3_875_569_M_VSA.csv
1,3,Young,875,569,9,M,6,Y,6:58:00 PM,,00:48,7:28:00 PM,30,,12/1/2022,dark,AA,6:10:00 PM,7:13:00 PM,01:03,"8"" x 10""",White,,,,7,20221201_18.10_C3_875_569_M_VSA.tiff,,,,20221201_18.10_C3_875_569_M_VSA.csv
1,3,Young,875,570,70,M,1,,,,,,,,11/1/2022,dark,AA,7:30:00 PM,9:02:00 PM,01:32,"8"" x 10""",White,,,,11,20221101_19.30_C3_875_570_M_VSA.tiff,,,,20221101_19.30_C3_875_570_M_VSA.csv
1,3,Young,875,570,70,M,2,,,,,,,,11/4/2022,light,AA,6:11:00 AM,7:44:00 AM,01:33,"8"" x 10""",White,,,,,20221104_06.11_C3_875_570_M_VSA.tiff,,,,20221104_06.11_C3_875_570_M_VSA.csv
1,3,Young,875,570,70,M,3,,,,,,,,11/15/2022,dark,AA,6:00:00 PM,7:31:00 PM,01:31,"8"" x 10""",White,,,,9,20221115_18.00_C3_875_570_M_VSA.tiff,,,,20221115_18.00_C3_875_570_M_VSA.csv
1,3,Young,875,570,70,M,4,,,,,,,,11/17/2022,light,AA,7:59:00 AM,9:30:00 AM,01:31,"8"" x 10""",White,,,,11,20221117_07.59_C3_875_570_M_VSA.tiff,,,,20221117_07.59_C3_875_570_M_VSA.csv
1,3,Young,875,570,70,M,5,,,,,,,,11/30/2022,light,AA,6:06:00 AM,7:35:00 AM,01:29,"8"" x 10""",White,,,,,20221130_06.06_C3_875_570_M_VSA.tiff,,,,20221130_06.06_C3_875_570_M_VSA.csv
1,3,Young,875,570,70,M,6,Y,7:18:00 AM,,01:02,7:48:00 AM,30,,12/2/2022,light,AA,6:16:00 AM,7:33:00 AM,01:17,"8"" x 10""",White,,,,13,20221202_06.16_C3_857_570_M_VSA.tiff,,,,20221202_06.16_C3_857_570_M_VSA.csv
1,3,Young,875,571,71,M,1,,,,,,,,11/1/2022,dark,AA,7:30:00 PM,9:00:00 PM,01:30,"8"" x 10""",White,,,,10,20221101_19.30_C3_875_571_M_VSA.tiff,,,Y,20221101_19.30_C3_875_571_M_VSA_ps.csv
1,3,Young,875,571,71,M,2,,,,,,,,11/4/2022,light,AA,6:10:00 AM,7:44:00 AM,01:34,"8"" x 10""",White,,,,,20221104_06.10_C3_875_571_M_VSA.tiff,,Y,,20221104_06.10_C3_875_571_M_VSA.csv
1,3,Young,875,571,71,M,3,,,,,,,,11/15/2022,dark,AA,6:01:00 PM,7:31:00 PM,01:30,"8"" x 10""",White,,,,15,20221115_18.01_C3_875_571_M_VSA.tiff,,,,20221115_18.01_C3_875_571_M_VSA.csv
1,3,Young,875,571,71,M,4,,,,,,,,11/17/2022,light,AA,7:59:00 AM,9:30:00 AM,01:31,"8"" x 10""",White,,,,9,20221117_07.59_C3_875_571_M_VSA.tiff,,,,20221117_07.59_C3_875_571_M_VSA.csv
1,3,Young,875,571,71,M,5,,,,,,,,11/30/2022,light,AA,6:06:00 AM,7:35:00 AM,01:29,"8"" x 10""",White,,,,,20221130_06.06_C3_875_571_M_VSA.tiff,,,,20221130_06.06_C3_875_571_M_VSA.csv
1,3,Young,875,571,71,M,6,Y,7:55:00 AM,,01:39,8:25:00 AM,30,,12/2/2022,light,AA,6:16:00 AM,8:10:00 AM,01:54,"8"" x 10""",White,,,,10,20221202_06.16_C3_857_571_M_VSA.tiff,,,,20221202_06.16_C3_857_571_M_VSA.csv
1,3,Young,876,572,72,M,1,,,,,,,,11/1/2022,dark,AA,6:00:00 PM,7:30:00 PM,01:30,"8"" x 10""",White,,,,9,20221101_18.00_C3_876_572_M_VSA.tiff,,,,20221101_18.00_C3_876_572_M_VSA.csv
1,3,Young,876,572,72,M,2,,,,,,,,11/4/2022,light,AA,6:14:00 AM,7:47:00 AM,01:33,"8"" x 10""",White,,,,,20221104_06.14_C3_876_572_M_VSA.tiff,,Y,,20221104_06.14_C3_876_572_M_VSA.csv
1,3,Young,876,572,72,M,3,,,,,,,,11/15/2022,dark,AA,7:34:00 PM,9:00:00 PM,01:26,"8"" x 10""",White,,,,14,20221115_19.34_C3_876_572_M_VSA.tiff,,,,20221115_19.34_C3_876_572_M_VSA.csv
1,3,Young,876,572,72,M,4,,,,,,,,11/17/2022,light,AA,8:02:00 AM,9:50:00 AM,01:48,"8"" x 10""",White,,,,10,20221117_08.02_C3_876_572_M_VSA.tiff,,,,20221117_08.02_C3_876_572_M_VSA.csv
1,3,Young,876,572,72,M,5,,,,,,,,11/30/2022,light,AA,8:02:00 AM,9:30:00 AM,01:28,"8"" x 10""",White,,,,10,20221130_08.02_C3_876_572_M_VSA.tiff,,,,20221130_08.02_C3_876_572_M_VSA.csv
1,3,Young,876,572,72,M,6,Y,7:08:00 PM,,00:56,7:38:00 PM,30,,12/1/2022,dark,AA,6:12:00 PM,7:23:00 PM,01:11,"8"" x 10""",White,,,,0,20221201_18.12_C3_876_572_M_VSA.tiff,,,,20221201_18.12_C3_876_572_M_VSA.csv
1,3,Young,876,573,73,M,1,,,,,,,,11/1/2022,dark,AA,6:00:00 PM,7:30:00 PM,01:30,"8"" x 10""",White,,,,8,20221101_18.00_C3_876_573_M_VSA.tiff,,,,20221101_18.00_C3_876_573_M_VSA.csv
1,3,Young,876,573,73,M,2,,,,,,,,11/4/2022,light,AA,6:14:00 AM,7:47:00 AM,01:33,"8"" x 10""",White,,,,,20221104_06.14_C3_876_573_M_VSA.tiff,,,,20221104_06.14_C3_876_573_M_VSA.csv
1,3,Young,876,573,73,M,3,,,,,,,,11/15/2022,dark,AA,7:33:00 PM,9:00:00 PM,01:27,"8"" x 10""",White,,,,14,20221115_19.33_C3_876_573_M_VSA.tiff,,,,20221115_19.33_C3_876_573_M_VSA.csv
1,3,Young,876,573,73,M,4,,,,,,,,11/17/2022,light,AA,8:01:00 AM,9:30:00 AM,01:29,"8"" x 10""",White,,,,10,20221117_08.01_C3_876_573_M_VSA.tiff,,,,20221117_08.01_C3_876_573_M_VSA.csv
1,3,Young,876,573,73,M,5,,,,,,,,11/30/2022,light,AA,8:01:00 AM,9:30:00 AM,01:29,"8"" x 10""",White,,,,10,20221130_08.01_C3_876_573_M_VSA.tiff,Y,,,
1,3,Young,876,573,73,M,6,Y,7:15:00 PM,,01:02,7:45:00 PM,30,,12/1/2022,dark,AA,6:13:00 PM,7:30:00 PM,01:17,"8"" x 10""",White,,,,3,20221201_18.13_C3_876_573_M_VSA.tiff,,,,20221201_18.13_C3_876_573_M_VSA.csv
1,3,Young,876,574,74,M,1,,,,,,,,11/1/2022,dark,AA,6:00:00 PM,7:32:00 PM,01:32,"8"" x 10""",White,,,,11,20221101_18.00_C3_876_574_M_VSA.tiff,,,,20221101_18.00_C3_876_574_M_VSA.csv
1,3,Young,876,574,74,M,2,,,,,,,,11/4/2022,light,AA,7:55:00 AM,9:28:00 AM,01:33,"8"" x 10""",White,,,,9,20221104_07.55_C3_876_574_M_VSA.tiff,,,Y,20221104_07.55_C3_876_574_M_VSA_ps.csv
1,3,Young,876,574,74,M,3,,,,,,,,11/15/2022,dark,AA,7:33:00 PM,9:02:00 PM,01:29,"8"" x 10""",White,,,,12,20221115_19.33_C3_876_574_M_VSA.tiff,,,Y,20221115_19.33_C3_876_574_M_VSA_ps.csv
1,3,Young,876,574,74,M,4,,,,,,,,11/17/2022,light,AA,6:20:00 AM,7:49:00 AM,01:29,"8"" x 10""",White,,,,16,20221117_06.20_C3_876_574_M_VSA.tiff,,,,20221117_06.20_C3_876_574_M_VSA.csv
1,3,Young,876,574,74,M,5,,,,,,,,11/30/2022,light,AA,7:59:00 AM,9:30:00 AM,01:31,"8"" x 10""",White,,,,9,20221130_07.59_C3_876_574_M_VSA.tiff,,,,20221130_07.59_C3_876_574_M_VSA.csv
1,3,Young,876,574,74,M,6,Y,,,,8:56:00 AM,,,12/2/2022,light,AA,6:17:00 AM,8:52:00 AM,02:35,"8"" x 10""",White,,,,11,20221202_06.17_C3_876_574_M_VSA.tiff,Y,,,
1,3,Young,876,575,75,M,1,,,,,,,,11/1/2022,dark,AA,6:00:00 PM,7:32:00 PM,01:32,"8"" x 10""",White,,,,14,20221101_18.00_C3_876_575_M_VSA.tiff,,,,20221101_18.00_C3_876_575_M_VSA.csv
1,3,Young,876,575,75,M,2,,,,,,,,11/4/2022,light,AA,7:56:00 AM,9:28:00 AM,01:32,"8"" x 10""",White,,,,18,20221104_07.56_C3_876_575_M_VSA.tiff,,,,20221104_07.56_C3_876_575_M_VSA.csv
1,3,Young,876,575,75,M,3,,,,,,,,11/15/2022,dark,AA,7:33:00 PM,9:01:00 PM,01:28,"8"" x 10""",White,,,,16,20221115_19.33_C3_876_575_M_VSA.tiff,,,,20221115_19.33_C3_876_575_M_VSA.csv
1,3,Young,876,575,75,M,4,,,,,,,,11/17/2022,light,AA,6:20:00 AM,7:50:00 AM,01:30,"8"" x 10""",White,,,,13,20221117_06.20_C3_876_575_M_VSA.tiff,,,,20221117_06.20_C3_876_575_M_VSA.csv
1,3,Young,876,575,75,M,5,,,,,,,,11/30/2022,light,AA,7:59:00 AM,9:30:00 AM,01:31,"8"" x 10""",White,,,,1,20221130_07.59_C3_876_575_M_VSA.tiff,,,,20221130_07.59_C3_876_575_M_VSA.csv
1,3,Young,876,575,75,M,6,Y,7:25:00 AM,,01:07,7:55:00 AM,30,,12/2/2022,light,AA,6:18:00 AM,7:40:00 AM,01:22,"8"" x 10""",White,,,,14,20221202_06.18_C3_876_575_M_VSA.tiff,,,,20221202_06.18_C3_876_575_M_VSA.csv
1,4,Old,81,81_0,0,F,1,,,,,,,,9/25/2023,dark,DT,6:02:00 PM,7:32:00 PM,01:30,"8"" x 10""",White,,,,6,20230925_18.02_C4_081_00_F_VSA.tiff,,,,20230925_18.02_C4_081_00_F_VSA.csv
1,4,Old,81,81_0,0,F,2,,,,,,,,9/26/2023,light,DT,6:10:00 AM,7:40:00 AM,01:30,"8"" x 10""",White,,,,,20230926_06.10_C4_081_00_F_VSA.tiff,,,,20230926_06.10_C4_081_00_F_VSA.csv
1,4,Old,81,81_0,0,F,4,,,,,,,,9/27/2023,dark,DT,6:11:00 PM,7:41:00 PM,01:30,"8"" x 10""",White,,,,7,20230927_18.11_C4_081_00_F_VSA.tiff,,,,20230927_18.11_C4_081_00_F_VSA.csv
1,4,Old,81,81_0,0,F,3,,,,,,,,9/27/2023,light,DT,6:18:00 AM,7:48:00 AM,01:30,"8"" x 10""",White,,,,,20230927_07.48_C4_081_00_F_VSA.tiff,,,,20230927_07.48_C4_081_00_F_VSA.csv
1,4,Old,81,81_0,0,F,5,Y,7:02:00 PM,,00:53,7:33:00 PM,31,25.6,10/3/2023,dark,DT,6:09:00 PM,7:17:00 PM,01:08,"8"" x 10""",White,,,,8,20231003_18.09_C4_081_00_F_VSA.tiff,,,,20231003_18.09_C4_081_00_F_VSA.csv
1,4,Old,81,81_1,1,F,1,,,,,,,,9/25/2023,dark,DT,6:05:00 PM,7:35:00 PM,01:30,"8"" x 10""",White,,,,7,20230925_18.05_C4_081_01_F_VSA.tiff,,,,20230925_18.05_C4_081_01_F_VSA.csv
1,4,Old,81,81_1,1,F,2,,,,,,,,9/26/2023,light,DT,6:11:00 AM,7:41:00 AM,01:30,"8"" x 10""",White,,,,,20230926_06.11_C4_081_01_F_VSA.tiff,,,,20230926_06.11_C4_081_01_F_VSA.csv
1,4,Old,81,81_1,1,F,4,,,,,,,,9/27/2023,dark,DT,6:09:00 PM,7:39:00 PM,01:30,"8"" x 10""",White,,,,9,20230927_18.09_C4_081_01_F_VSA.tiff,,,,20230927_18.09_C4_081_01_F_VSA.csv
1,4,Old,81,81_1,1,F,3,,,,,,,,9/27/2023,light,DT,6:18:00 AM,7:48:00 AM,01:30,"8"" x 10""",White,,,,8,20230927_07.48_C4_081_01_F_VSA.tiff,,,,20230927_07.48_C4_081_01_F_VSA.csv
1,4,Old,81,81_1,1,F,5,Y,6:53:00 PM,,00:45,7:22:30 PM,29,26.7,10/3/2023,dark,DT,6:08:00 PM,7:08:00 PM,01:00,"8"" x 10""",White,,,,5,20231003_18.08_C4_081_01_F_VSA.tiff,,,,20231003_18.08_C4_081_01_F_VSA.csv
1,4,Old,81,81_2,2,F,1,,,,,,,,9/25/2023,dark,DT,6:04:00 PM,7:34:00 PM,01:30,"8"" x 10""",White,,,,2,20230925_18.04_C4_081_02_F_VSA.tiff,Y,,,
1,4,Old,81,81_2,2,F,2,,,,,,,,9/26/2023,light,DT,6:10:00 AM,7:40:00 AM,01:30,"8"" x 10""",White,,,,,20230926_06.10_C4_081_02_F_VSA.tiff,,Y,Y,20230926_06.10_C4_081_02_F_VSA_ps.csv
1,4,Old,81,81_2,2,F,4,,,,,,,,9/27/2023,dark,DT,6:10:00 PM,7:40:00 PM,01:30,"8"" x 10""",White,,,,10,20230927_18.10_C4_081_02_F_VSA.tiff,,Y,,20230927_18.10_C4_081_02_F_VSA.csv
1,4,Old,81,81_2,2,F,3,,,,,,,,9/27/2023,light,DT,6:19:00 AM,7:49:00 AM,01:30,"8"" x 10""",White,,,,12,20230927_07.49_C4_081_02_F_VSA.tiff,,Y,,20230927_07.49_C4_081_02_F_VSA.csv
1,4,Old,81,81_2,2,F,5,Y,7:08:00 AM,,01:00,7:38:00 AM,30,27.5,10/2/2023,light,DT,6:08:00 AM,7:23:00 AM,01:15,"8"" x 10""",White,,,,7,20231002_06.08_C4_081_02_F_VSA.tiff,,,,20231002_06.08_C4_081_02_F_VSA.csv
1,4,Old,81,81_3,3,F,1,,,,,,,,9/25/2023,dark,DT,6:08:00 PM,7:38:00 PM,01:30,"8"" x 10""",White,,,,19,20230925_18.08_C4_081_03_F_VSA.tiff,,,,20230925_18.08_C4_081_03_F_VSA.csv
1,4,Old,81,81_3,3,F,2,,,,,,,,9/26/2023,light,DT,6:11:00 AM,7:41:00 AM,01:30,"8"" x 10""",White,,,,,20230926_06.11_C4_081_03_F_VSA.tiff,,Y,,20230926_06.11_C4_081_03_F_VSA.csv
1,4,Old,81,81_3,3,F,4,,,,,,,,9/27/2023,dark,DT,6:10:00 PM,7:40:00 PM,01:30,"8"" x 10""",White,,,,13,20230927_18.10_C4_081_03_F_VSA.tiff,,,,20230927_18.10_C4_081_03_F_VSA.csv
1,4,Old,81,81_3,3,F,3,,,,,,,,9/27/2023,light,DT,6:19:00 AM,7:49:00 AM,01:30,"8"" x 10""",White,,,,12,20230927_07.49_C4_081_03_F_VSA.tiff,,,,20230927_07.49_C4_081_03_F_VSA.csv
1,4,Old,81,81_3,3,F,5,Y,6:18:00 AM,,00:09,6:49:00 AM,31,24.4,10/2/2023,light,DT,6:09:00 AM,6:33:00 AM,00:24,"8"" x 10""",White,,,,7,20231002_06.09_C4_081_03_F_VSA.tiff,,,,20231002_06.09_C4_081_03_F_VSA.csv
1,5,Old,82,82_0,0,F,1,,,,,,,,10/9/2023,dark,DT,6:17:00 PM,7:47:00 PM,01:30,"8"" x 10""",White,,,,12,20231009_18.17_C5_082_00_F_VSA.tiff,,,,20231009_18.17_C5_082_00_F_VSA.csv
1,5,Old,82,82_0,0,F,2,,,,,,,,10/10/2023,light,DT,6:02:00 AM,7:34:00 AM,01:32,"8"" x 10""",White,,,,17,20231010_06.02_C5_082_00_F_VSA.tiff,,,,20231010_06.02_C5_082_00_F_VSA.csv
1,5,Old,82,82_0,0,F,3,,,,,,,,10/11/2023,light,DT,6:18:00 AM,7:49:00 AM,01:31,"8"" x 10""",White,,,,16,20231011_06.18_C5_082_00_F_VSA.tiff,,,,20231011_06.18_C5_082_00_F_VSA.csv
1,5,Old,82,82_0,0,F,4,,,,,,,,10/16/2023,dark,DT,6:08:00 PM,7:38:00 PM,01:30,"8"" x 10""",White,,,,13,20231016_18.08_C5_082_00_F_VSA.tiff,,,,20231016_18.08_C5_082_00_F_VSA.csv
1,5,Old,82,82_0,0,F,5,Y,6:59:00 PM,,00:58,7:29:00 PM,30,27.7,10/18/2023,dark,DT,6:01:00 PM,7:14:00 PM,01:13,"8"" x 10""",White,,,,8,20231018_18.01_C5_082_00_F_VSA.tiff,,,,20231018_18.01_C5_082_00_F_VSA.csv
1,5,Old,82,82_1,1,F,1,,,,,,,,10/9/2023,dark,DT,6:18:00 PM,7:48:00 PM,01:30,"8"" x 10""",White,,,,7,20231009_18.18_C5_082_01_F_VSA.tiff,,,,20231009_18.18_C5_082_01_F_VSA.csv
1,5,Old,82,82_1,1,F,2,,,,,,,,10/10/2023,light,DT,6:02:00 AM,7:34:00 AM,01:32,"8"" x 10""",White,,,,13,20231010_06.02_C5_082_01_F_VSA.tiff,,,,20231010_06.02_C5_082_01_F_VSA.csv
1,5,Old,82,82_1,1,F,3,,,,,,,,10/11/2023,light,DT,6:19:00 AM,7:50:00 AM,01:31,"8"" x 10""",White,,,,8,20231011_06.19_C5_082_01_F_VSA.tiff,,,,20231011_06.19_C5_082_01_F_VSA.csv
1,5,Old,82,82_1,1,F,4,,,,,,,,10/16/2023,dark,DT,6:08:00 PM,7:38:00 PM,01:30,"8"" x 10""",White,,,,6,20231016_18.08_C5_082_01_F_VSA.tiff,,,,20231016_18.08_C5_082_01_F_VSA.csv
1,5,Old,82,82_1,1,F,5,Y,7:05:00 AM,,00:55,7:35:00 AM,30,27.3,10/17/2023,light,DT,6:10:00 AM,7:20:00 AM,01:10,"8"" x 10""",White,,,,17,20231017_06.10_C5_082_01_F_VSA.tiff,,,,20231017_06.10_C5_082_01_F_VSA.csv
1,5,Old,83,83_1,1,M,1,,,,,,,,10/9/2023,dark,DT,6:18:00 PM,7:48:00 PM,01:30,"8"" x 10""",White,,,,11,20231009_18.18_C5_083_01_M_VSA.tiff,,,,20231009_18.18_C5_083_01_M_VSA.csv
1,5,Old,83,83_1,1,M,2,,,,,,,,10/10/2023,light,DT,6:03:00 AM,7:35:00 AM,01:32,"8"" x 10""",White,,,,20,20231010_06.03_C5_083_01_M_VSA.tiff,,,,20231010_06.03_C5_083_01_M_VSA.csv
1,5,Old,83,83_1,1,M,3,,,,,,,,10/11/2023,light,DT,6:20:00 AM,7:51:00 AM,01:31,"8"" x 10""",White,,,,12,20231011_06.20_C5_083_01_M_VSA.tiff,,,,20231011_06.20_C5_083_01_M_VSA.csv
1,5,Old,83,83_1,1,M,4,,,,,,,,10/16/2023,dark,DT,6:09:00 PM,7:39:00 PM,01:30,"8"" x 10""",White,,,,14,20231016_18.09_C5_083_01_M_VSA.tiff,,,,20231016_18.09_C5_083_01_M_VSA.csv
1,5,Old,83,83_1,1,M,5,Y,6:22:00 AM,,00:12,6:52:00 AM,30,32.8,10/17/2023,light,DT,6:10:00 AM,6:37:00 AM,00:27,"8"" x 10""",White,,,,5,20231017_06.10_C5_083_01_M_VSA.tiff,,,,20231017_06.10_C5_083_01_M_VSA.csv
1,5,Old,83,83_2,2,M,1,,,,,,,,10/9/2023,dark,DT,6:19:00 PM,7:49:00 PM,01:30,"8"" x 10""",White,,,,14,20231009_18.19_C5_083_02_M_VSA.tiff,,,,20231009_18.19_C5_083_02_M_VSA.csv
1,5,Old,83,83_2,2,M,2,,,,,,,,10/10/2023,light,DT,6:03:00 AM,7:35:00 AM,01:32,"8"" x 10""",White,,,,13,20231010_06.03_C5_083_02_M_VSA.tiff,,,,20231010_06.03_C5_083_02_M_VSA.csv
1,5,Old,83,83_2,2,M,3,,,,,,,,10/11/2023,light,DT,6:20:00 AM,7:51:00 AM,01:31,"8"" x 10""",White,,,,8,20231011_06.20_C5_083_02_M_VSA.tiff,,,,20231011_06.20_C5_083_02_M_VSA.csv
1,5,Old,83,83_2,2,M,4,,,,,,,,10/16/2023,dark,DT,6:09:00 PM,7:39:00 PM,01:30,"8"" x 10""",White,,,,9,20231016_18.09_C5_083_02_M_VSA.tiff,,,,20231016_18.09_C5_083_02_M_VSA.csv
1,5,Old,83,83_2,2,M,5,Y,7:33:00 PM,,01:32,8:03:00 PM,30,29.4,10/18/2023,dark,DT,6:01:00 PM,7:48:00 PM,01:47,"8"" x 10""",White,,,,11,20231018_18.01_C5_083_02_M_VSA.tiff,,,,20231018_18.01_C5_083_02_M_VSA.csv
1,6,Young,84,84_1,1,F,1,,,,,,,,10/30/2023,dark,DT,5:58:00 PM,7:28:00 PM,01:30,"8"" x 10""",White,,,,6,20231030_17.58_C6_084_01_F_VSA.tiff,,,,20231030_17.58_C6_084_01_F_VSA.csv
1,6,Young,84,84_1,1,F,2,,,,,,,,10/31/2023,light,DT,6:14:00 AM,7:45:00 AM,01:31,"8"" x 10""",White,,,,19,20231031_06.14_C6_084_01_F_VSA.tiff,,,,20231031_06.14_C6_084_01_F_VSA.csv
1,6,Young,84,84_1,1,F,4,,,,,,,,11/1/2023,dark,DT,7:35:00 PM,9:05:00 PM,01:30,"8"" x 10""",White,,,,9,20231101_19.35_C6_084_01_F_VSA.tiff,,,,20231101_19.35_C6_084_01_F_VSA.csv
1,6,Young,84,84_1,1,F,3,,,,,,,,11/1/2023,light,DT,6:46:00 AM,8:18:00 AM,01:32,"8"" x 10""",White,,,,20,20231101_06.46_C6_084_01_F_VSA.tiff,,,,20231101_06.46_C6_084_01_F_VSA.csv
1,6,Young,84,84_1,1,F,5,Y,6:18:00 AM,6:32:00 AM,00:12,6:50:00 AM,32,23.6,11/2/2023,light,DT,6:06:00 AM,6:33:00 AM,00:27,"8"" x 10""",White,,,,8,20231102_06.06_C6_084_01_F_VSA.tiff,,,,20231102_06.06_C6_084_01_F_VSA.csv
1,6,Young,84,84_2,2,F,1,,,,,,,,10/30/2023,dark,DT,5:59:00 PM,7:29:00 PM,01:30,"8"" x 10""",White,,,,3,20231030_17.59_C6_084_02_F_VSA.tiff,,,,20231030_17.59_C6_084_02_F_VSA.csv
1,6,Young,84,84_2,2,F,2,,,,,,,,10/31/2023,light,DT,6:14:00 AM,7:44:00 AM,01:30,"8"" x 10""",White,,,,23,20231031_06.14_C6_084_02_F_VSA.tiff,,,,20231031_06.14_C6_084_02_F_VSA.csv
1,6,Young,84,84_2,2,F,4,,,,,,,,11/1/2023,dark,DT,7:35:00 PM,9:05:00 PM,01:30,"8"" x 10""",White,,,,3,20231101_19.35_C6_084_02_F_VSA.tiff,,,,20231101_19.35_C6_084_02_F_VSA.csv
1,6,Young,84,84_2,2,F,3,,,,,,,,11/1/2023,light,DT,6:47:00 AM,8:18:00 AM,01:31,"8"" x 10""",White,,,,15,20231101_06.47_C6_084_02_F_VSA.tiff,,,,20231101_06.47_C6_084_02_F_VSA.csv
1,6,Young,84,84_2,2,F,5,Y,6:27:00 PM,,00:22,6:57:00 PM,30,23.4,11/3/2023,dark,DT,6:05:00 PM,6:42:00 PM,00:37,"8"" x 10""",White,,,,4,20231103_18.05_C6_084_02_F_VSA.tiff,,,,20231103_18.05_C6_084_02_F_VSA.csv
1,6,Young,84,84_3,3,F,1,,,,,,,,10/30/2023,dark,DT,7:29:00 PM,8:59:00 PM,01:30,"8"" x 10""",White,,,,13,20231030_19.29_C6_084_03_F_VSA.tiff,,,,20231030_19.29_C6_084_03_F_VSA.csv
1,6,Young,84,84_3,3,F,2,,,,,,,,10/31/2023,light,DT,6:15:00 AM,7:45:00 AM,01:30,"8"" x 10""",White,,,,12,20231031_06.15_C6_084_03_F_VSA.tiff,,,,20231031_06.15_C6_084_03_F_VSA.csv
1,6,Young,84,84_3,3,F,3,,,,,,,,11/1/2023,dark,DT,6:00:00 PM,7:30:00 PM,01:30,"8"" x 10""",White,,,,15,20231101_18.00_C6_084_03_F_VSA.tiff,,,,20231101_18.00_C6_084_03_F_VSA.csv
1,6,Young,84,84_3,3,F,4,,,,,,,,11/1/2023,light,DT,6:47:00 AM,8:18:00 AM,01:31,"8"" x 10""",White,,,,7,20231101_06.47_C6_084_03_F_VSA.tiff,,,,20231101_06.47_C6_084_03_F_VSA.csv
1,6,Young,84,84_3,3,F,5,Y,6:09:00 AM,,00:03,6:39:00 AM,30,23.3,11/2/2023,light,DT,6:06:00 AM,6:29:00 AM,00:23,"8"" x 10""",White,,,,5,20231102_06.06_C6_084_03_F_VSA.tiff,,,,20231102_06.06_C6_084_03_F_VSA.csv
1,6,Young,84,84_4,4,F,1,,,,,,,,10/30/2023,dark,DT,7:29:00 PM,8:59:00 PM,01:30,"8"" x 10""",White,,,,12,20231030_19.29_C6_084_04_F_VSA.tiff,,,,20231030_19.29_C6_084_04_F_VSA.csv
1,6,Young,84,84_4,4,F,2,,,,,,,,10/31/2023,light,DT,6:14:00 AM,7:46:00 AM,01:32,"8"" x 10""",White,,,,22,20231031_06.14_C6_084_04_F_VSA.tiff,,,,20231031_06.14_C6_084_04_F_VSA.csv
1,6,Young,84,84_4,4,F,3,,,,,,,,11/1/2023,dark,DT,6:01:00 PM,7:31:00 PM,01:30,"8"" x 10""",White,,,,6,20231101_18.01_C6_084_04_F_VSA.tiff,,,,20231101_18.01_C6_084_04_F_VSA.csv
1,6,Young,84,84_4,4,F,4,,,,,,,,11/1/2023,light,DT,6:46:00 AM,8:18:00 AM,01:32,"8"" x 10""",White,,,,15,20231101_06.46_C6_084_04_F_VSA.tiff,,,,20231101_06.46_C6_084_04_F_VSA.csv
1,6,Young,84,84_4,4,F,5,Y,6:50:00 PM,,00:45,7:19:00 PM,29,20.3,11/3/2023,dark,DT,6:05:00 PM,7:05:00 PM,01:00,"8"" x 10""",White,,,,6,20231103_18.05_C6_084_04_F_VSA.tiff,,,,20231103_18.05_C6_084_04_F_VSA.csv
1,6,Young,85,85_5,5,F,1,,,,,,,,10/30/2023,dark,DT,6:00:00 PM,7:30:00 PM,01:30,"8"" x 10""",White,,,,5,20231030_18.00_C6_085_05_F_VSA.tiff,,,,20231030_18.00_C6_085_05_F_VSA.csv
1,6,Young,85,85_5,5,F,2,,,,,,,,10/31/2023,light,DT,7:55:00 AM,9:27:00 AM,01:32,"8"" x 10""",White,,,,19,20231031_07.55_C6_085_05_F_VSA.tiff,,,,20231031_07.55_C6_085_05_F_VSA.csv
1,6,Young,85,85_5,5,F,3,,,,,,,,11/1/2023,dark,DT,7:30:00 PM,9:00:00 PM,01:30,"8"" x 10""",White,,,,10,20231101_19.30_C6_085_05_F_VSA.tiff,,,,20231101_19.30_C6_085_05_F_VSA.csv
1,6,Young,85,85_5,5,F,4,,,,,,,,11/1/2023,light,DT,8:23:00 AM,9:53:00 AM,01:30,"8"" x 10""",White,,,,10,20231101_08.23_C6_085_05_F_VSA.tiff,,,,20231101_08.23_C6_085_05_F_VSA.csv
1,6,Young,85,85_5,5,F,5,Y,6:52:00 AM,,00:44,7:22:00 AM,30,23.5,11/2/2023,light,DT,6:08:00 AM,7:07:00 AM,00:59,"8"" x 10""",White,,,,7,20231102_06.08_C6_085_05_F_VSA.tiff,,,,20231102_06.08_C6_085_05_F_VSA.csv
1,6,Young,85,85_6,6,F,1,,,,,,,,10/30/2023,dark,DT,6:01:00 PM,7:31:00 PM,01:30,"8"" x 10""",White,,,,8,20231030_18.01_C6_085_06_F_VSA.tiff,,,,20231030_18.01_C6_085_06_F_VSA.csv
1,6,Young,85,85_6,6,F,2,,,,,,,,10/31/2023,light,DT,7:56:00 AM,9:27:00 AM,01:31,"8"" x 10""",White,,,,2,20231031_07.56_C6_085_06_F_VSA.tiff,,,,20231031_07.56_C6_085_06_F_VSA.csv
1,6,Young,85,85_6,6,F,3,,,,,,,,11/1/2023,dark,DT,7:30:00 PM,9:00:00 PM,01:30,"8"" x 10""",White,,,,16,20231101_19.30_C6_085_06_F_VSA.tiff,,,,20231101_19.30_C6_085_06_F_VSA.csv
1,6,Young,85,85_6,6,F,4,,,,,,,,11/1/2023,light,DT,8:23:00 AM,9:53:00 AM,01:30,"8"" x 10""",White,,,,11,20231101_08.23_C6_085_06_F_VSA.tiff,,,,20231101_08.23_C6_085_06_F_VSA.csv
1,6,Young,85,85_6,6,F,5,Y,6:53:00 PM,,00:46,7:23:00 PM,,24.1,11/3/2023,dark,DT,6:07:00 PM,7:08:00 PM,01:01,"8"" x 10""",White,,,,4,20231103_18.07_C6_085_06_F_VSA.tiff,,,,20231103_18.07_C6_085_06_F_VSA.csv
1,6,Young,85,85_7,7,F,1,,,,,,,,10/30/2023,dark,DT,7:34:00 PM,9:04:00 PM,01:30,"8"" x 10""",White,,,,6,20231030_19.34_C6_085_07_F_VSA.tiff,,,Y,20231030_19.34_C6_085_07_F_VSA_ps.csv
1,6,Young,85,85_7,7,F,2,,,,,,,,10/31/2023,light,DT,7:55:00 AM,9:29:00 AM,01:34,"8"" x 10""",White,,,,9,20231031_07.55_C6_085_07_F_VSA.tiff,,,,20231031_07.55_C6_085_07_F_VSA.csv
1,6,Young,85,85_7,7,F,3,,,,,,,,11/1/2023,dark,DT,5:59:00 PM,7:29:00 PM,01:30,"8"" x 10""",White,,,,5,20231101_17.59_C6_085_07_F_VSA.tiff,,,,20231101_17.59_C6_085_07_F_VSA.csv
1,6,Young,85,85_7,7,F,4,,,,,,,,11/1/2023,light,DT,8:23:00 AM,9:54:00 AM,01:31,"8"" x 10""",White,,,,15,20231101_08.23_C6_085_07_F_VSA.tiff,,,,20231101_08.23_C6_085_07_F_VSA.csv
1,6,Young,85,85_7,7,F,5,Y,6:45:00 AM,,00:37,7:15:00 AM,30,23.4,11/2/2023,light,DT,6:08:00 AM,7:00:00 AM,00:52,"8"" x 10""",White,,,,7,20231102_06.08_C6_085_07_F_VSA.tiff,,,,20231102_06.08_C6_085_07_F_VSA.csv
1,6,Young,85,85_8,8,F,1,,,,,,,,10/30/2023,dark,DT,7:34:00 PM,9:04:00 PM,01:30,"8"" x 10""",White,,,,9,20231030_19.34_C6_085_08_F_VSA.tiff,,,,20231030_19.34_C6_085_08_F_VSA.csv
1,6,Young,85,85_8,8,F,2,,,,,,,,10/31/2023,light,DT,7:54:00 AM,9:28:00 AM,01:34,"8"" x 10""",White,,,,13,20231031_07.54_C6_085_08_F_VSA.tiff,,,,20231031_07.54_C6_085_08_F_VSA.csv
1,6,Young,85,85_8,8,F,3,,,,,,,,11/1/2023,dark,DT,5:59:00 PM,7:29:00 PM,01:30,"8"" x 10""",White,,,,7,20231101_17.59_C6_085_08_F_VSA.tiff,,,,20231101_17.59_C6_085_08_F_VSA.csv
1,6,Young,85,85_8,8,F,4,,,,,,,,11/1/2023,light,DT,8:22:00 AM,9:54:00 AM,01:32,"8"" x 10""",White,,,,9,20231101_08.22_C6_085_08_F_VSA.tiff,,,,20231101_08.22_C6_085_08_F_VSA.csv
1,6,Young,85,85_8,8,F,5,Y,7:14:00 PM,,01:06,7:44:00 PM,30,21.1,11/3/2023,dark,DT,6:08:00 PM,7:29:00 PM,01:21,"8"" x 10""",White,,,,9,20231103_18.08_C6_085_08_F_VSA.tiff,,,,20231103_18.08_C6_085_08_F_VSA.csv
2,8,Young,86,86_0,0,M,2,,,,,,,,5/7/2024,dark,DT,6:25:00 PM,7:51:00 PM,01:26,"8"" x 10""",White,,,,4,20240507_18.25_C8_086_00_M_VSA.tiff,Y,,,
2,8,Young,86,86_0,0,M,1,,,,,,,,5/7/2024,light,DT,6:19:00 AM,7:51:00 AM,01:32,"8"" x 10""",White,,,,20,20240507_06.19_C8_086_00_M_VSA.tiff,,,,20240507_06.19_C8_086_00_M_VSA.csv
2,8,Young,86,86_0,0,M,4,,,,,,,,5/8/2024,dark,DT,5:48:00 PM,7:18:00 PM,01:30,"8"" x 10""",White,,,,3,20240508_17.48_C8_086_00_M_VSA.tiff,Y,,,
2,8,Young,86,86_0,0,M,3,,,,,,,,5/8/2024,light,NB,6:42:00 AM,8:15:00 AM,01:33,"8"" x 10""",White,,,,21,20240508_06.42_C8_086_00_M_VSA.tiff,,,,20240508_06.42_C8_086_00_M_VSA.csv
2,8,Young,86,86_0,0,M,5,Y,6:51:00 PM,,00:57,7:21:00 PM,30,30.3,6/2/2024,dark,DT,5:54:00 PM,7:06:00 PM,01:12,"8"" x 10""",White,,,,0,20240602_17.54_C8_86_0_M_VSA.tiff,,,,20240602_17.54_C8_86_0_M_VSA.csv
2,8,Young,86,86_1,1,M,2,,,,,,,,5/7/2024,dark,DT,6:25:00 PM,7:51:00 PM,01:26,"8"" x 10""",White,,,,10,20240507_18.25_C8_086_01_M_VSA.tiff,,,,20240507_18.25_C8_086_01_M_VSA.csv
2,8,Young,86,86_1,1,M,1,,,,,,,,5/7/2024,light,DT,6:19:00 AM,7:51:00 AM,01:32,"8"" x 10""",White,,,,17,20240507_06.19_C8_086_01_M_VSA.tiff,,,,20240507_06.19_C8_086_01_M_VSA.csv
2,8,Young,86,86_1,1,M,4,,,,,,,,5/8/2024,dark,DT,5:47:00 PM,7:17:00 PM,01:30,"8"" x 10""",White,,,,2,20240508_17.47_C8_086_01_M_VSA.tiff,,,,20240508_17.47_C8_086_01_M_VSA.csv
2,8,Young,86,86_1,1,M,3,,,,,,,,5/8/2024,light,NB,6:42:00 AM,8:15:00 AM,01:33,"8"" x 10""",White,,,,27,20240508_06.42_C8_086_01_M_VSA.tiff,,Y,Y,20240508_06.42_C8_086_01_M_VSA_ps.csv
2,8,Young,86,86_1,1,M,5,Y,6:22:00 AM,,00:25,6:52:00 AM,30,29.7,6/3/2024,light,DT,5:57:00 AM,6:37:00 AM,00:40,"8"" x 10""",White,,,,13,20240603_05.57_C8_86_1_M_VSA.tiff,,,,20240603_05.57_C8_86_1_M_VSA.csv
2,8,Young,86,86_2,2,M,2,,,,,,,,5/7/2024,dark,DT,6:25:00 PM,7:51:00 PM,01:26,"8"" x 10""",White,,,,14,20240507_18.25_C8_086_02_M_VSA.tiff,,,,20240507_18.25_C8_086_02_M_VSA.csv
2,8,Young,86,86_2,2,M,1,,,,,,,,5/7/2024,light,DT,6:19:00 AM,7:51:00 AM,01:32,"8"" x 10""",White,,,,23,20240507_06.19_C8_086_02_M_VSA.tiff,,,,20240507_06.19_C8_086_02_M_VSA.csv
2,8,Young,86,86_2,2,M,4,,,,,,,,5/8/2024,dark,DT,5:48:00 PM,7:18:00 PM,01:30,"8"" x 10""",White,,,,9,20240508_17.48_C8_086_02_M_VSA.tiff,,,,20240508_17.48_C8_086_02_M_VSA.csv
2,8,Young,86,86_2,2,M,3,,,,,,,,5/8/2024,light,NB,6:42:00 AM,8:15:00 AM,01:33,"8"" x 10""",White,,,,24,20240508_06.42_C8_086_02_M_VSA.tiff,,,,20240508_06.42_C8_086_02_M_VSA.csv
2,8,Young,86,86_2,2,M,5,Y,6:22:00 AM,,00:25,6:52:00 AM,30,31.9,6/3/2024,light,DT,5:57:00 AM,6:37:00 AM,00:40,"8"" x 10""",White,,,,9,20240603_05.57_C8_86_2_M_VSA.tiff,,,,20240603_05.57_C8_86_2_M_VSA.csv
2,8,Young,87,87_3,3,M,1,,,,,,,,5/7/2024,dark,DT,6:30:00 PM,7:57:00 PM,01:27,"8"" x 10""",White,,,,4,20240507_18.30_C8_087_03_M_VSA.tiff,,,,20240507_18.30_C8_087_03_M_VSA.csv
2,8,Young,87,87_3,3,M,3,,,,,,,,5/8/2024,dark,DT,5:50:00 PM,7:20:00 PM,01:30,"8"" x 10""",White,,,,7,20240508_17.50_C8_087_03_M_VSA.tiff,Y,,,
2,8,Young,87,87_3,3,M,2,,,,,,,,5/8/2024,light,NB,6:40:00 AM,8:15:00 AM,01:35,"8"" x 10""",White,,,,22,20240508_06.40_C8_087_03_M_VSA.tiff,,,,20240508_06.40_C8_087_03_M_VSA.csv
2,8,Young,87,87_3,3,M,4,,,,,,,,5/9/2024,light,DT,6:21:00 AM,7:51:00 AM,01:30,"8"" x 10""",White,,,,28,20240509_06.21_C8_087_03_M_VSA.tiff,,,,20240509_06.21_C8_087_03_M_VSA.csv
2,8,Young,87,87_3,3,M,5,Y,6:41:00 AM,,00:40,7:11:00 AM,30,27.1,6/4/2024,light,DT,6:01:00 AM,6:56:00 AM,00:55,"8"" x 10""",White,,,,22,20240604_06.01_C8_87_3_M_VSA.tiff,,,,20240604_06.01_C8_87_3_M_VSA.csv
2,8,Young,87,87_4,4,M,1,,,,,,,,5/7/2024,dark,DT,6:30:00 PM,7:57:00 PM,01:27,"8"" x 10""",White,,,,2,20240507_18.30_C8_087_04_M_VSA.tiff,,,,20240507_18.30_C8_087_04_M_VSA.csv
2,8,Young,87,87_4,4,M,3,,,,,,,,5/8/2024,dark,DT,5:50:00 PM,7:20:00 PM,01:30,"8"" x 10""",White,,,,5,20240508_17.50_C8_087_04_M_VSA.tiff,,,,20240508_17.50_C8_087_04_M_VSA.csv
2,8,Young,87,87_4,4,M,2,,,,,,,,5/8/2024,light,NB,6:40:00 AM,8:15:00 AM,01:35,"8"" x 10""",White,,,,8,20240508_06.40_C8_087_04_M_VSA.tiff,,,,20240508_06.40_C8_087_04_M_VSA.csv
2,8,Young,87,87_4,4,M,4,,,,,,,,5/9/2024,light,DT,6:21:00 AM,7:51:00 AM,01:30,"8"" x 10""",White,,,,21,20240509_06.21_C8_087_04_M_VSA.tiff,,,,20240509_06.21_C8_087_04_M_VSA.csv
2,8,Young,87,87_4,4,M,5,Y,,,,8:36:00 PM,,24.0,6/3/2024,dark,DT,5:53:00 PM,8:30:00 PM,02:37,"8"" x 10""",White,,,,0,20240603_17.53_C8_87_4_M_VSA.tiff,Y,,,
2,8,Young,87,87_5,5,M,1,,,,,,,,5/7/2024,dark,DT,6:31:00 PM,7:57:00 PM,01:26,"8"" x 10""",White,,,,9,20240507_18.31_C8_087_05_M_VSA.tiff,,,,20240507_18.31_C8_087_05_M_VSA.csv
2,8,Young,87,87_5,5,M,3,,,,,,,,5/8/2024,dark,DT,5:50:00 PM,7:20:00 PM,01:30,"8"" x 10""",White,,,,8,20240508_17.50_C8_087_05_M_VSA.tiff,,,,20240508_17.50_C8_087_05_M_VSA.csv
2,8,Young,87,87_5,5,M,2,,,,,,,,5/8/2024,light,NB,6:40:00 AM,8:15:00 AM,01:35,"8"" x 10""",White,,,,18,20240508_06.40_C8_087_05_M_VSA.tiff,,,,20240508_06.40_C8_087_05_M_VSA.csv
2,8,Young,87,87_5,5,M,4,,,,,,,,5/9/2024,light,DT,6:21:00 AM,7:51:00 AM,01:30,"8"" x 10""",White,,,,12,20240509_06.21_C8_087_05_M_VSA.tiff,,,,20240509_06.21_C8_087_05_M_VSA.csv
2,8,Young,87,87_5,5,M,5,Y,,,,8:36:00 PM,,22.2,6/3/2024,dark,DT,5:53:00 PM,8:30:00 PM,02:37,"8"" x 10""",White,,,,1,20240603_17.53_C8_87_05_M_VSA.tiff,Y,,,
2,8,Young,88,88_0,0,F,2,,,,,,,,5/9/2024,dark,TR,6:11:00 PM,7:41:00 PM,01:30,"8"" x 10""",White,,,,5,20240509_18.11_C8_088_00_F_VSA.tiff,,Y,,20240509_18.11_C8_088_00_F_VSA.csv
2,8,Young,88,88_0,0,F,1,,,,,,,,5/9/2024,light,DT,6:23:00 AM,7:53:00 AM,01:30,"8"" x 10""",White,,,,9,20240509_06.23_C8_088_00_F_VSA.tiff,,Y,Y,20240509_06.23_C8_088_00_F_VSA_ps.csv
2,8,Young,88,88_0,0,F,4,,,,,,,,5/10/2024,dark,NB,6:07:00 PM,7:37:00 PM,01:30,"8"" x 10""",White,,,,6,20240510_18.07_C8_088_00_F_VSA.tiff,,,,20240510_18.07_C8_088_00_F_VSA.csv
2,8,Young,88,88_0,0,F,3,,,,,,,,5/10/2024,light,TR,6:08:00 AM,7:38:00 AM,01:30,"8"" x 10""",White,,,,17,20240510_06.08_C8_088_00_F_VSA.tiff,,Y,,20240510_06.08_C8_088_00_F_VSA.csv
2,8,Young,88,88_0,0,F,5,Y,7:13:00 AM,,01:11,7:43:00 AM,30,23.7,6/6/2024,light,DT,6:02:00 AM,7:28:00 AM,01:26,"8"" x 10""",White,,,,9,20240606_06.02_C8_88_0_F_VSA.tiff,,,,20240606_06.02_C8_88_0_F_VSA.csv
2,8,Young,88,88_1,1,F,2,,,,,,,,5/9/2024,dark,TR,6:11:00 PM,7:41:00 PM,01:30,"8"" x 10""",White,,,,3,20240509_18.11_C8_088_01_F_VSA.tiff,,,,20240509_18.11_C8_088_01_F_VSA.csv
2,8,Young,88,88_1,1,F,1,,,,,,,,5/9/2024,light,DT,6:23:00 AM,7:53:00 AM,01:30,"8"" x 10""",White,,,,9,20240509_06.23_C8_088_01_F_VSA.tiff,,,,20240509_06.23_C8_088_01_F_VSA.csv
2,8,Young,88,88_1,1,F,4,,,,,,,,5/10/2024,dark,NB,6:08:00 PM,7:38:00 PM,01:30,"8"" x 10""",White,,,,4,20240510_18.08_C8_088_01_F_VSA.tiff,,,,20240510_18.08_C8_088_01_F_VSA.csv
2,8,Young,88,88_1,1,F,3,,,,,,,,5/10/2024,light,TR,6:08:00 AM,7:38:00 AM,01:30,"8"" x 10""",White,,,,9,20240510_06.08_C8_088_01_F_VSA.tiff,,,,20240510_06.08_C8_088_01_F_VSA.csv
2,8,Young,88,88_1,1,F,5,Y,6:33:00 AM,,00:30,7:03:00 AM,30,23.0,6/6/2024,light,DT,6:03:00 AM,6:48:00 AM,00:45,"8"" x 10""",White,,,,6,20240606_06.03_C8_88_1_F_VSA.tiff,,,,20240606_06.03_C8_88_1_F_VSA.csv
2,8,Young,88,88_2,2,F,2,,,,,,,,5/9/2024,dark,TR,6:10:00 PM,7:40:00 PM,01:30,"8"" x 10""",White,,,,7,20240509_18.10_C8_088_02_F_VSA.tiff,,,,20240509_18.10_C8_088_02_F_VSA.csv
2,8,Young,88,88_2,2,F,1,,,,,,,,5/9/2024,light,DT,6:23:00 AM,7:53:00 AM,01:30,"8"" x 10""",White,,,,12,20240509_06.23_C8_088_02_F_VSA.tiff,,,,20240509_06.23_C8_088_02_F_VSA.csv
2,8,Young,88,88_2,2,F,4,,,,,,,,5/10/2024,dark,NB,6:07:00 PM,7:37:00 PM,01:30,"8"" x 10""",White,,,,14,20240510_18.07_C8_088_02_F_VSA.tiff,,,,20240510_18.07_C8_088_02_F_VSA.csv
2,8,Young,88,88_2,2,F,3,,,,,,,,5/10/2024,light,TR,6:08:00 AM,7:38:00 AM,01:30,"8"" x 10""",White,,,,10,20240510_06.08_C8_088_02_F_VSA.tiff,,,,20240510_06.08_C8_088_02_F_VSA.csv
2,8,Young,88,88_2,2,F,5,Y,6:39:00 PM,,00:47,7:09:00 PM,30,22.3,6/5/2024,dark,DT,5:52:00 PM,6:53:00 PM,01:01,"8"" x 10""",White,,,,2,20240605_17.52_C8_88_2_F_VSA.tiff,,,,20240605_17.52_C8_88_2_F_VSA.csv
2,9,Old,1106,1032,1032,F,1,,,,,,,,5/13/2024,light,TR,6:34:00 AM,8:00:00 AM,01:26,"8"" x 10""",White,,,,12,20240513_06.34_C9_1106_1032_F_VSA.tiff,,,,20240513_06.34_C9_1106_1032_F_VSA.csv
2,9,Old,1106,1032,1032,F,3,,,,,,,,5/14/2024,dark,NB,5:57:00 PM,7:57:00 PM,02:00,"8"" x 10""",White,,,,15,20240514_17.57_C9_1106_1032_F_VSA.tiff,,,,20240514_17.57_C9_1106_1032_F_VSA.csv
2,9,Old,1106,1032,1032,F,2,,,,,,,,5/14/2024,light,TR,6:09:00 AM,7:29:00 AM,01:20,"8"" x 10""",White,,,,16,20240514_06.09_C9_1106_1032_F_VSA.tiff,,,,20240514_06.09_C9_1106_1032_F_VSA.csv
2,9,Old,1106,1032,1032,F,4,,,,,,,,5/15/2024,dark,DT,5:56:00 PM,7:26:00 PM,01:30,"8"" x 10""",White,,,,7,20240515_17.56_C9_1106_1033_F_VSA.tiff,,,,20240515_17.56_C9_1106_1033_F_VSA.csv
2,9,Old,1106,1032,1032,F,5,Y,8:00:00 PM,,01:36,8:30:00 PM,30,30.6,6/4/2024,dark,DT,6:24:00 PM,8:15:00 PM,01:51,"8"" x 10""",White,,,,9,20240604_18.24_C9_1106_1032_F_VSA.tiff,,,,20240604_18.24_C9_1106_1032_F_VSA.csv
2,9,Old,1106,1033,1033,F,1,,,,,,,,5/13/2024,light,TR,6:34:00 AM,8:00:00 AM,01:26,"8"" x 10""",White,,,,15,20240513_06.34_C9_1106_1033_F_VSA.tiff,,,,20240513_06.34_C9_1106_1033_F_VSA.csv
2,9,Old,1106,1033,1033,F,3,,,,,,,,5/14/2024,dark,NB,5:57:00 PM,7:57:00 PM,02:00,"8"" x 10""",White,,,,9,20240514_17.57_C9_1106_1033_F_VSA.tiff,,,,20240514_17.57_C9_1106_1033_F_VSA.csv
2,9,Old,1106,1033,1033,F,2,,,,,,,,5/14/2024,light,TR,6:09:00 AM,7:29:00 AM,01:20,"8"" x 10""",White,,,,15,20240514_06.09_C9_1106_1033_F_VSA.tiff,,,,20240514_06.09_C9_1106_1033_F_VSA.csv
2,9,Old,1106,1033,1033,F,4,,,,,,,,5/15/2024,dark,DT,5:56:00 PM,7:26:00 PM,01:30,"8"" x 10""",White,,,,4,20240515_17.56_C9_1106_1032_F_VSA.tiff,Y,,,
2,9,Old,1106,1033,1033,F,5,Y,6:55:00 AM,,00:48,7:25:00 AM,30,26.7,6/5/2024,light,DT,6:07:00 AM,7:10:00 AM,01:03,"8"" x 10""",White,,,,11,20240605_06.07_C9_1106_1033_F_VSA.tiff,,,,20240605_06.07_C9_1106_1033_F_VSA.csv
2,9,Old,1106,1034,1034,F,1,,,,,,,,5/13/2024,light,TR,6:34:00 AM,8:00:00 AM,01:26,"8"" x 10""",White,,,,9,20240513_06.34_C9_1106_1034_F_VSA.tiff,,,,20240513_06.34_C9_1106_1034_F_VSA.csv
2,9,Old,1106,1034,1034,F,2,,,,,,,,5/14/2024,light,TR,6:09:00 AM,7:29:00 AM,01:20,"8"" x 10""",White,,,,18,20240514_06.09_C9_1106_1034_F_VSA.tiff,,,,20240514_06.09_C9_1106_1034_F_VSA.csv
2,9,Young,89,89_3,3,F,1,,,,,,,,5/9/2024,dark,TR,6:13:00 PM,7:43:00 PM,01:30,"8"" x 10""",White,,,,5,20240509_18.13_C9_089_03_F_VSA.tiff,Y,,,
2,9,Young,89,89_3,3,F,3,,,,,,,,5/10/2024,dark,NB,6:05:00 PM,7:35:00 PM,01:30,"8"" x 10""",White,,,,4,20240510_18.05_C9_089_03_F_VSA.tiff,,,,20240510_18.05_C9_089_03_F_VSA.csv
2,9,Young,89,89_3,3,F,2,,,,,,,,5/10/2024,light,TR,6:11:00 AM,7:41:00 AM,01:30,"8"" x 10""",White,,,,13,20240510_06.11_C9_089_03_F_VSA.tiff,,,,20240510_06.11_C9_089_03_F_VSA.csv
2,9,Young,89,89_3,3,F,4,,,,,,,,5/12/2024,dark,NB,6:15:00 PM,7:45:00 PM,01:30,"8"" x 10""",White,,,,10,20240512_18.15_C9_089_03_F_VSA.tiff,Y,,,
2,9,Young,89,89_3,3,F,5,,,,,,,,5/15/2024,light,TR,6:05:00 AM,7:35:00 AM,01:30,"8"" x 10""",White,,,,16,20240515_06.05_C9_089_03_F_VSA.tiff,,,,20240515_06.05_C9_089_03_F_VSA.csv
2,9,Young,89,89_3,3,F,6,Y,6:22:00 AM,,00:19,6:52:00 AM,30,25.1,6/6/2024,light,DT,6:03:00 AM,6:37:00 AM,00:34,"8"" x 10""",White,,,,7,20240606_06.03_C9_89_3_F_VSA.tiff,,Y,Y,20240606_06.03_C9_89_3_F_VSA_ps.csv
2,9,Young,89,89_4,4,F,1,,,,,,,,5/9/2024,dark,TR,6:14:00 PM,7:44:00 PM,01:30,"8"" x 10""",White,,,,11,20240509_18.14_C9_089_04_F_VSA.tiff,,,,20240509_18.14_C9_089_04_F_VSA.csv
2,9,Young,89,89_4,4,F,3,,,,,,,,5/10/2024,dark,NB,6:04:00 PM,7:34:00 PM,01:30,"8"" x 10""",White,,,,7,20240510_18.04_C9_089_04_F_VSA.tiff,,,,20240510_18.04_C9_089_04_F_VSA.csv
2,9,Young,89,89_4,4,F,2,,,,,,,,5/10/2024,light,TR,6:11:00 AM,7:41:00 AM,01:30,"8"" x 10""",White,,,,16,20240510_06.11_C9_089_04_F_VSA.tiff,,,,20240510_06.11_C9_089_04_F_VSA.csv
2,9,Young,89,89_4,4,F,4,,,,,,,,5/12/2024,dark,NB,6:15:00 PM,7:45:00 PM,01:30,"8"" x 10""",White,,,,12,20240512_18.15_C9_089_04_F_VSA.tiff,,,,20240512_18.15_C9_089_04_F_VSA.csv
2,9,Young,89,89_4,4,F,5,,,,,,,,5/15/2024,light,TR,6:05:00 AM,7:35:00 AM,01:30,"8"" x 10""",White,,,,13,20240515_06.05_C9_089_04_F_VSA.tiff,,,,20240515_06.05_C9_089_04_F_VSA.csv
2,9,Young,89,89_4,4,F,6,Y,7:02:00 PM,,01:11,7:32:00 PM,30,21.9,6/5/2024,dark,DT,5:51:00 PM,7:19:00 PM,01:28,"8"" x 10""",White,,,,3,20240605_17.51_C9_89_4_F_VSA.tiff,,,,20240605_17.51_C9_89_4_F_VSA.csv
2,9,Young,89,89_5,5,F,1,,,,,,,,5/9/2024,dark,TR,6:15:00 PM,7:45:00 PM,01:30,"8"" x 10""",White,,,,7,20240509_18.15_C9_089_05_F_VSA.tiff,,,,20240509_18.15_C9_089_05_F_VSA.csv
2,9,Young,89,89_5,5,F,3,,,,,,,,5/10/2024,dark,NB,6:04:00 PM,7:34:00 PM,01:30,"8"" x 10""",White,,,,9,20240510_18.04_C9_089_05_F_VSA.tiff,,,,20240510_18.04_C9_089_05_F_VSA.csv
2,9,Young,89,89_5,5,F,2,,,,,,,,5/10/2024,light,TR,6:11:00 AM,7:41:00 AM,01:30,"8"" x 10""",White,,,,15,20240510_06.11_C9_089_05_F_VSA.tiff,,,,20240510_06.11_C9_089_05_F_VSA.csv
2,9,Young,89,89_5,5,F,4,,,,,,,,5/12/2024,dark,NB,6:15:00 PM,7:45:00 PM,01:30,"8"" x 10""",White,,,,8,20240512_18.15_C9_089_05_F_VSA.tiff,,,,20240512_18.15_C9_089_05_F_VSA.csv
2,9,Young,89,89_5,5,F,5,,,,,,,,5/15/2024,light,TR,6:05:00 AM,7:35:00 AM,01:30,"8"" x 10""",White,,,,13,20240515_06.05_C9_089_05_F_VSA.tiff,,,,20240515_06.05_C9_089_05_F_VSA.csv
2,9,Young,89,89_5,5,F,6,Y,6:49:00 PM,,00:59,7:19:00 PM,30,22.7,6/5/2024,dark,DT,5:50:00 PM,7:04:00 PM,01:14,"8"" x 10""",White,,,,3,20240605_17.50_C9_89_05_F_VSA.tiff,,,,20240605_17.50_C9_89_05_F_VSA.csv
2,9,Old,90,90_0,0,M,1,,,,,,,,5/12/2024,dark,NB,6:15:00 PM,7:45:00 PM,01:30,"8"" x 10""",White,,,,9,20240512_18.15_C9_090_00_M_VSA.tiff,,,,20240512_18.15_C9_090_00_M_VSA.csv
2,9,Old,90,90_0,0,M,3,,,,,,,,5/14/2024,dark,NB,5:58:00 PM,7:28:00 PM,01:30,"8"" x 10""",White,,,,8,20240514_17.58_C9_090_00_M_VSA.tiff,,,,20240514_17.58_C9_090_00_M_VSA.csv
2,9,Old,90,90_0,0,M,2,,,,,,,,5/14/2024,light,TR,6:08:00 AM,7:38:00 AM,01:30,"8"" x 10""",White,,,,17,20240514_06.08_C9_090_00_M_VSA.tiff,,,,20240514_06.08_C9_090_00_M_VSA.csv
2,9,Old,90,90_0,0,M,4,,,,,,,,5/15/2024,light,TR,6:08:00 AM,7:38:00 AM,01:30,"8"" x 10""",White,,,,14,20240515_06.08_C9_090_00_M_VSA.tiff,,,,20240515_06.08_C9_090_00_M_VSA.csv
2,9,Old,90,90_0,0,M,5,Y,7:47:00 PM,,01:56,8:17:00 PM,30,31.8,6/3/2024,dark,DT,5:51:00 PM,8:02:00 PM,02:11,"8"" x 10""",White,,,,17,20240603_17.51_C9_90_0_M_VSA.tiff,,,,20240603_17.51_C9_90_0_M_VSA.csv
2,9,Old,90,90_1,1,M,1,,,,,,,,5/12/2024,dark,NB,6:16:00 PM,7:46:00 PM,01:30,"8"" x 10""",White,,,,16,20240512_18.16_C9_090_01_M_VSA.tiff,,,,20240512_18.16_C9_090_01_M_VSA.csv
2,9,Old,90,90_1,1,M,3,,,,,,,,5/14/2024,dark,NB,5:58:00 PM,7:28:00 PM,01:30,"8"" x 10""",White,,,,10,20240514_17.58_C9_090_01_M_VSA.tiff,,,,20240514_17.58_C9_090_01_M_VSA.csv
2,9,Old,90,90_1,1,M,2,,,,,,,,5/14/2024,light,TR,6:08:00 AM,7:38:00 AM,01:30,"8"" x 10""",White,,,,17,20240514_06.08_C9_090_01_M_VSA.tiff,,,,20240514_06.08_C9_090_01_M_VSA.csv
2,9,Old,90,90_1,1,M,4,,,,,,,,5/15/2024,light,TR,6:08:00 AM,7:38:00 AM,01:30,"8"" x 10""",White,,,,12,20240515_06.08_C9_090_01_M_VSA.tiff,,,,20240515_06.08_C9_090_01_M_VSA.csv
2,9,Old,90,90_1,1,M,5,Y,8:00:00 AM,,01:58,8:30:00 AM,30,32.3,6/4/2024,light,DT,6:02:00 AM,8:15:00 AM,02:13,"8"" x 10""",White,,,,23,20240604_06.02_C9_90_1_M_VSA.tiff,,,,20240604_06.02_C9_90_1_M_VSA.csv
2,9,Old,90,90_2,2,M,1,,,,,,,,5/12/2024,dark,NB,6:17:00 PM,7:47:00 PM,01:30,"8"" x 10""",White,,,,7,20240512_18.17_C9_090_02_M_VSA.tiff,,,,20240512_18.17_C9_090_02_M_VSA.csv
2,9,Old,90,90_2,2,M,3,,,,,,,,5/14/2024,dark,NB,5:58:00 PM,7:28:00 PM,01:30,"8"" x 10""",White,,,,8,20240514_17.58_C9_090_02_M_VSA.tiff,,,,20240514_17.58_C9_090_02_M_VSA.csv
2,9,Old,90,90_2,2,M,2,,,,,,,,5/14/2024,light,TR,6:08:00 AM,7:38:00 AM,01:30,"8"" x 10""",White,,,,12,20240514_06.08_C9_090_02_M_VSA.tiff,,,,20240514_06.08_C9_090_02_M_VSA.csv
2,9,Old,90,90_2,2,M,4,,,,,,,,5/15/2024,light,TR,6:08:00 AM,7:38:00 AM,01:30,"8"" x 10""",White,,,,22,20240515_06.08_C9_090_02_M_VSA.tiff,,,,20240515_06.08_C9_090_02_M_VSA.csv
2,9,Old,90,90_2,2,M,5,Y,6:26:00 AM,,00:24,6:56:00 AM,30,33.6,6/4/2024,light,DT,6:02:00 AM,6:41:00 AM,00:39,"8"" x 10""",White,,,,13,20240604_06.02_C9_90_2_M_VSA.tiff,,,,20240604_06.02_C9_90_2_M_VSA.csv
2,10,Old,91,91_0,0,M,2,,,,,,,,5/13/2024,dark,DT,5:55:00 PM,7:55:00 PM,02:00,"8"" x 10""",White,,,,26,20240513_17.55_C10_091_00_M_VSA.tiff,,,,20240513_17.55_C10_091_00_M_VSA.csv
2,10,Old,91,91_0,0,M,1,,,,,,,,5/13/2024,light,TR,6:45:00 AM,8:15:00 AM,01:30,"8"" x 10""",White,,,,21,20240513_06.45_C10_091_00_M_VSA.tiff,,,,20240513_06.45_C10_091_00_M_VSA.csv
2,10,Old,91,91_0,0,M,3,,,,,,,,5/15/2024,dark,DT,5:58:00 PM,7:28:00 PM,01:30,"8"" x 10""",White,,,,19,20240515_17.58_C10_091_0_M_VSA.tiff,,,Y,20240515_17.58_C10_091_0_M_VSA_ps.csv
2,10,Old,91,91_0,0,M,5,Y,7:16:00 PM,,01:10,7:45:00 PM,29,33.5,5/16/2024,dark,DT,6:06:00 PM,7:31:00 PM,01:25,"8"" x 10""",White,,,,23,20240516_18.06_C10_091_0_M_VSA.tiff,,,,20240516_18.06_C10_091_0_M_VSA.csv
2,10,Old,91,91_0,0,M,4,,,,,,,,5/16/2024,light,DT,6:21:00 AM,7:51:00 AM,01:30,"8"" x 10""",White,,,,31,20240516_06.21_C10_091_0_M_VSA.tiff,,,,20240516_06.21_C10_091_0_M_VSA.csv
2,10,Old,91,91_1,1,M,2,,,,,,,,5/13/2024,dark,DT,5:55:00 PM,7:55:00 PM,02:00,"8"" x 10""",White,,,,18,20240513_17.55_C10_091_01_M_VSA.tiff,,,,20240513_17.55_C10_091_01_M_VSA.csv
2,10,Old,91,91_1,1,M,1,,,,,,,,5/13/2024,light,TR,6:45:00 AM,8:15:00 AM,01:30,"8"" x 10""",White,,,,21,20240513_06.45_C10_091_01_M_VSA.tiff,,,,20240513_06.45_C10_091_01_M_VSA.csv
2,10,Old,91,91_1,1,M,3,,,,,,,,5/15/2024,dark,DT,5:59:00 PM,7:29:00 PM,01:30,"8"" x 10""",White,,,,10,20240515_17.59_C10_091_1_M_VSA.tiff,Y,,,
2,10,Old,91,91_1,1,M,4,,,,,,,,5/16/2024,light,DT,6:22:00 AM,7:52:00 AM,01:30,"8"" x 10""",White,,,,19,20240515_06.22_C10_091_1_M_VSA.tiff,,,,20240515_06.22_C10_091_1_M_VSA.csv
2,10,Old,91,91_1,1,M,5,Y,7:16:00 PM,,01:20,7:46:00 PM,30,35.2,6/2/2024,dark,DT,5:56:00 PM,7:31:00 PM,01:35,"8"" x 10""",White,,,,10,20240602_17.56_C10_91_1_M_VSA.tiff,,,,20240602_17.56_C10_91_1_M_VSA.csv
2,10,Old,91,91_2,2,M,2,,,,,,,,5/13/2024,dark,DT,5:55:00 PM,7:55:00 PM,02:00,"8"" x 10""",White,,,,12,20240513_17.55_C10_091_02_M_VSA.tiff,Y,,,
2,10,Old,91,91_2,2,M,1,,,,,,,,5/13/2024,light,TR,6:45:00 AM,8:15:00 AM,01:30,"8"" x 10""",White,,,,12,20240513_06.45_C10_091_02_M_VSA.tiff,,,,20240513_06.45_C10_091_02_M_VSA.csv
2,10,Old,91,91_2,2,M,3,,,,,,,,5/15/2024,dark,DT,5:59:00 PM,7:29:00 PM,01:30,"8"" x 10""",White,,,,13,20240515_17.59_C10_091_2_M_VSA.tiff,,,,20240515_17.59_C10_091_2_M_VSA.csv
2,10,Old,91,91_2,2,M,4,,,,,,,,5/16/2024,light,DT,6:22:00 AM,7:52:00 AM,01:30,"8"" x 10""",White,,,,23,20240516_06.22_C10_091_2_M_VSA.tiff,,,,20240516_06.22_C10_091_2_M_VSA.csv
2,10,Old,91,91_2,2,M,5,Y,7:20:00 PM,,01:24,7:50:00 PM,30,31.5,6/2/2024,dark,DT,5:56:00 PM,7:35:00 PM,01:39,"8"" x 10""",White,,,,13,20240602_17.56_C10_91_2_M_VSA.tiff,,,,20240602_17.56_C10_91_2_M_VSA.csv
2,10,Old,92,92_3,3,M,1,,,,,,,,5/13/2024,dark,DT,5:57:00 PM,7:57:00 PM,02:00,"8"" x 10""",White,,,,11,20240513_17.57_C10_092_03_M_VSA.tiff,Y,,,
2,10,Old,92,92_3,3,M,3,,,,,,,,5/16/2024,dark,DT,6:04:00 PM,7:34:00 PM,01:30,"8"" x 10""",Black,,,,6,20240516_18.04_C10_092_3_M_VSA.tiff,Y,,,
2,10,Old,92,92_3,3,M,2,,,,,,,,5/16/2024,light,DT,6:24:00 AM,7:54:00 AM,01:30,"8"" x 10""",White,,,,13,20240516_06.24_C10_092_3_M_VSA.tiff,,,,20240516_06.24_C10_092_3_M_VSA.csv
2,10,Old,92,92_3,3,M,4,,,,,,,,5/17/2024,light,DT,5:59:00 AM,7:29:00 AM,01:30,"8"" x 10""",Black,,,,15,20240517_05.59_C10_092_4_M_VSA.tiff,,,,20240517_05.59_C10_092_4_M_VSA.csv
2,10,Old,92,92_3,3,M,5,Y,6:04:00 AM,,00:08,6:34:00 AM,30,43.7,6/3/2024,light,DT,5:56:00 AM,6:19:00 AM,00:23,"8"" x 10""",White,,,,8,20240603_05.56_C10_92_3_M_VSA.tiff,,,,20240603_05.56_C10_92_3_M_VSA.csv
2,10,Old,92,92_4,4,M,1,,,,,,,,5/13/2024,dark,DT,5:57:00 PM,7:57:00 PM,02:00,"8"" x 10""",White,,,,15,20240513_17.57_C10_092_04_M_VSA.tiff,,,,20240513_17.57_C10_092_04_M_VSA.csv
2,10,Old,92,92_4,4,M,3,,,,,,,,5/16/2024,dark,DT,6:04:00 PM,7:34:00 PM,01:30,"8"" x 10""",White,,,,11,20240516_18.04_C10_092_4_M_VSA.tiff,Y,,,
2,10,Old,92,92_4,4,M,2,,,,,,,,5/16/2024,light,DT,6:23:00 AM,7:53:00 AM,01:30,"8"" x 10""",White,,,,23,20240516_06.23_C10_092_4_M_VSA.tiff,,,,20240516_06.23_C10_092_4_M_VSA.csv
2,10,Old,92,92_4,4,M,4,,,,,,,,5/17/2024,light,DT,5:59:00 AM,7:29:00 AM,01:30,"8"" x 10""",White,,,,29,20240517_05.59_C10_092_4_M_VSA.tiff,,,,20240517_05.59_C10_092_4_M_VSA.csv
2,10,Old,92,92_4,4,M,5,Y,7:04:00 AM,,01:08,7:34:00 AM,30,36.7,6/3/2024,light,DT,5:56:00 AM,7:19:00 AM,01:23,"8"" x 10""",White,,,,24,20240603_05.56_C10_92_4_M_VSA.tiff,,,,20240603_05.56_C10_92_4_M_VSA.csv
2,10,Old,92,92_5,5,M,1,,,,,,,,5/13/2024,dark,DT,5:57:00 PM,7:57:00 PM,02:00,"8"" x 10""",White,,,,10,20240513_17.57_C10_092_05_M_VSA.tiff,,,,20240513_17.57_C10_092_05_M_VSA.csv
2,10,Old,92,92_5,5,M,3,,,,,,,,5/16/2024,dark,DT,6:04:00 PM,7:34:00 PM,01:30,"8"" x 10""",White,,,,9,20240516_18.04_C10_092_5_M_VSA.tiff,,,,20240516_18.04_C10_092_5_M_VSA.csv
2,10,Old,92,92_5,5,M,2,,,,,,,,5/16/2024,light,DT,6:24:00 AM,7:54:00 AM,01:30,"8"" x 10""",White,,,,17,20240516_06.24_C10_092_5_M_VSA.tiff,,,,20240516_06.24_C10_092_5_M_VSA.csv
2,10,Old,92,92_5,5,M,4,,,,,,,,5/17/2024,light,DT,5:58:00 AM,7:28:00 AM,01:30,"8"" x 10""",White,,,,19,20240517_05.58_C10_092_5_M_VSA.tiff,,,,20240517_05.58_C10_092_5_M_VSA.csv
2,10,Old,92,92_5,5,M,5,Y,7:11:00 PM,,01:14,7:41:00 PM,30,39.2,6/2/2024,dark,DT,5:57:00 PM,7:26:00 PM,01:29,"8"" x 10""",White,,,,12,20240602_17.57_C10_92_05_M_VSA.tiff,,,,20240602_17.57_C10_92_05_M_VSA.csv
2,10,Old,93,93_0,0,F,1,,,,,,,,5/16/2024,dark,DT,6:02:00 PM,7:32:00 PM,01:30,"8"" x 10""",White,,,,9,20240516_18.02_C10_093_0_F_VSA.tiff,,,,20240516_18.02_C10_093_0_F_VSA.csv
2,10,Old,93,93_0,0,F,2,,,,,,,,5/17/2024,light,DT,6:02:00 AM,7:34:00 AM,01:32,"8"" x 10""",White,,,,10,20240517_06.02_C10_093_0_F_VSA.tiff,,,,20240517_06.02_C10_093_0_F_VSA.csv
2,10,Old,93,93_0,0,F,4,,,,,,,,5/19/2024,dark,NB,6:00:00 PM,7:30:00 PM,01:30,"8"" x 10""",White,,,,8,20240519_18.00_C10_93_0_F_VSA.tiff,,,,20240519_18.00_C10_93_0_F_VSA.csv
2,10,Old,93,93_0,0,F,3,,,,,,,,5/19/2024,light,NB,7:18:00 AM,8:48:00 AM,01:30,"8"" x 10""",White,,,,19,20240519_07.18_C10_93_0_F_VSA.tiff,,,,20240519_07.18_C10_93_0_F_VSA.csv
2,10,Old,93,93_0,0,F,5,Y,7:30:00 PM,,01:34,8:00:00 PM,30,29.8,6/4/2024,dark,DT,5:56:00 PM,7:45:00 PM,01:49,"8"" x 10""",White,,,,4,20240604_17.56_C10_93_0_F_VSA.tiff,,,,20240604_17.56_C10_93_0_F_VSA.csv
2,10,Old,93,93_1,1,F,1,,,,,,,,5/16/2024,dark,DT,7:41:00 PM,9:11:00 PM,01:30,"8"" x 10""",White,,,,2,20240516_19.41_C10_093_1_F_VSA.tiff,,,,20240516_19.41_C10_093_1_F_VSA.csv
2,10,Old,93,93_1,1,F,2,,,,,,,,5/17/2024,light,DT,7:04:00 AM,8:34:00 AM,01:30,"8"" x 10""",White,,,,19,20240517_07.04_C10_93_1_F_VSA.tiff,,,,20240517_07.04_C10_93_1_F_VSA.csv
2,10,Old,93,93_1,1,F,4,,,,,,,,5/19/2024,dark,NB,6:00:00 PM,7:30:00 PM,01:30,"8"" x 10""",White,,,,8,20240519_18.00_C10_93_1_F_VSA.tiff,Y,,,
2,10,Old,93,93_1,1,F,3,,,,,,,,5/19/2024,light,NB,7:18:00 AM,8:48:00 AM,01:30,"8"" x 10""",White,,,,15,20240519_07.18_C10_93_1_F_VSA.tiff,,,,20240519_07.18_C10_93_1_F_VSA.csv
2,10,Old,93,93_1,1,F,5,Y,6:21:00 AM,,00:14,6:51:00 AM,30,34.1,6/5/2024,light,DT,6:07:00 AM,6:36:00 AM,00:29,"8"" x 10""",White,,,,11,20240605_06.24_C10_93_1_F_VSA.tiff,,,,20240605_06.24_C10_93_1_F_VSA.csv
2,10,Old,93,93_2,2,F,1,,,,,,,,5/16/2024,dark,DT,7:35:00 PM,9:05:00 PM,01:30,"8"" x 10""",White,,,,7,20240516_19.35_C10_093_2_F_VSA.tiff,,,,20240516_19.35_C10_093_2_F_VSA.csv
2,10,Old,93,93_2,2,F,2,,,,,,,,5/17/2024,light,DT,6:02:00 AM,7:34:00 AM,01:32,"8"" x 10""",White,,,,15,20240517_06.02_C10_93_2_F_VSA.tiff,,,,20240517_06.02_C10_93_2_F_VSA.csv
2,10,Old,93,93_2,2,F,4,,,,,,,,5/19/2024,dark,NB,6:00:00 PM,7:30:00 PM,01:30,"8"" x 10""",White,,,,5,20240519_18.00_C10_93_2_F_VSA.tiff,Y,,,
2,10,Old,93,93_2,2,F,3,,,,,,,,5/19/2024,light,NB,7:18:00 AM,8:48:00 AM,01:30,"8"" x 10""",White,,,,7,20240519_07.18_C10_93_2_F_VSA.tiff,,,,20240519_07.18_C10_93_2_F_VSA.csv
2,10,Old,93,93_2,2,F,5,Y,7:45:00 AM,,01:38,8:15:00 AM,30,31.5,6/5/2024,light,DT,6:07:00 AM,8:00:00 AM,01:53,"8"" x 10""",White,,,,15,20240605_06.07_C10_93_2_F_VSA.tiff,,,,20240605_06.07_C10_93_2_F_VSA.csv
2,11,Old,1253,1342,1342,F,2,,,,,,,,5/19/2024,dark,NB,5:59:00 PM,7:29:00 PM,01:30,"8"" x 10""",White,,,,11,20240519_17.59_C11_1253_1342_F_VSA.tiff,,,,20240519_17.59_C11_1253_1342_F_VSA.csv
2,11,Old,1253,1342,1342,F,1,,,,,,,,5/19/2024,light,NB,7:15:00 AM,8:45:00 AM,01:30,"8"" x 10""",White,,,,25,20240519_07.15_C11_1253_1342_F_VSA.tiff,,,,20240519_07.15_C11_1253_1342_F_VSA.csv
2,11,Old,1253,1342,1342,F,4,,,,,,,,5/20/2024,dark,DT,5:55:00 PM,7:25:00 PM,01:30,"8"" x 10""",White,,,,6,20240520_17.55_C11_1253_1342_F_VSA.tiff,,,Y,20240520_17.55_C11_1253_1342_F_VSA_ps.csv
2,11,Old,1253,1342,1342,F,3,,,,,,,,5/20/2024,light,TR,6:05:00 AM,7:35:00 AM,01:30,"8"" x 10""",White,,,,28,20240520_06.05_C11_1253_1342_F_VSA.tiff,,,,20240520_06.05_C11_1253_1342_F_VSA.csv
2,11,Old,1253,1342,1342,F,5,Y,6:57:00 PM,,01:02,7:27:00 PM,30,33.7,6/4/2024,dark,DT,5:55:00 PM,7:12:00 PM,01:17,"8"" x 10""",White,,,,9,20240604_17.55_C11_1253_1342_F_VSA.tiff,,,,20240604_17.55_C11_1253_1342_F_VSA.csv
2,11,Old,1253,1343,1343,F,2,,,,,,,,5/19/2024,dark,NB,5:59:00 PM,7:29:00 PM,01:30,"8"" x 10""",White,,,,9,20240519_17.59_C11_1253_1343_F_VSA.tiff,,,,20240519_17.59_C11_1253_1343_F_VSA.csv
2,11,Old,1253,1343,1343,F,1,,,,,,,,5/19/2024,light,NB,7:15:00 AM,8:45:00 AM,01:30,"8"" x 10""",White,,,,21,20240519_07.15_C11_1253_1343_F_VSA.tiff,,,,20240519_07.15_C11_1253_1343_F_VSA.csv
2,11,Old,1253,1343,1343,F,4,,,,,,,,5/20/2024,dark,DT,5:55:00 PM,7:25:00 PM,01:30,"8"" x 10""",White,,,,8,20240520_17.55_C11_1253_1343_F_VSA.tiff,,,,20240520_17.55_C11_1253_1343_F_VSA.csv
2,11,Old,1253,1343,1343,F,3,,,,,,,,5/20/2024,light,TR,6:05:00 AM,7:35:00 AM,01:30,"8"" x 10""",White,,,,21,20240520_06.05_C11_1253_1343_F_VSA.tiff,,,,20240520_06.05_C11_1253_1343_F_VSA.csv
2,11,Old,1253,1343,1343,F,5,Y,7:15:00 PM,,01:20,7:45:00 PM,30,28.3,6/4/2024,dark,DT,5:55:00 PM,7:30:00 PM,01:35,"8"" x 10""",White,,,,9,20240604_17.55_C11_1253_1343_F_VSA.tiff,,,,20240604_17.55_C11_1253_1343_F_VSA.csv
2,11,Old,1253,1344,1344,F,2,,,,,,,,5/19/2024,dark,NB,5:59:00 PM,7:29:00 PM,01:30,"8"" x 10""",White,,,,10,20240519_17.59_C11_1253_1344_F_VSA.tiff,Y,,,
2,11,Old,1253,1344,1344,F,1,,,,,,,,5/19/2024,light,NB,7:15:00 AM,8:45:00 AM,01:30,"8"" x 10""",White,,,,13,20240519_07.15_C11_1253_1344_F_VSA.tiff,,,,20240519_07.15_C11_1253_1344_F_VSA.csv
2,11,Old,1253,1344,1344,F,4,,,,,,,,5/20/2024,dark,DT,5:55:00 PM,7:25:00 PM,01:30,"8"" x 10""",White,,,,8,20240520_17.55_C11_1253_1344_F_VSA.tiff,Y,,,
2,11,Old,1253,1344,1344,F,3,,,,,,,,5/20/2024,light,TR,6:05:00 AM,7:35:00 AM,01:30,"8"" x 10""",White,,,,15,20240520_06.05_C11_1253_1344_F_VSA.tiff,,,,20240520_06.05_C11_1253_1344_F_VSA.csv
2,11,Old,1253,1344,1344,F,5,Y,,,,8:25:00 AM,,,6/5/2024,light,DT,6:07:00 AM,8:15:00 AM,02:08,"8"" x 10""",White,,,,24,20240605_06.07_C11_1253_1344_F_VSA.tiff,Y,,,
2,11,Old,94,94_3,3,F,1,Y,7:47:00 PM,,01:38,8:18:00 PM,31,27.2,5/16/2024,dark,DT,6:09:00 PM,8:02:00 PM,01:53,"8"" x 10""",White,,,,12,20240516_06.09_C11_94_3_F_VSA.tiff,,,,20240516_06.09_C11_94_3_F_VSA.csv
2,11,Old,94,94_4,4,F,1,Y,7:03:00 AM,,00:57,7:33:00 AM,30,28.2,5/17/2024,light,DT,6:06:00 AM,7:18:00 AM,01:12,"8"" x 10""",White,,,,7,20240517_06.06_C11_094_4_F_VSA.tiff,,,,20240517_06.06_C11_094_4_F_VSA.csv
2,11,Old,94,94_5,5,F,1,Y,7:48:00 PM,,01:40,8:19:00 PM,31,26.1,5/16/2024,dark,DT,6:08:00 PM,8:03:00 PM,01:55,"8"" x 10""",White,,,,17,20240516_18.08_C11_094_5_F_VSA.tiff,,,,20240516_18.08_C11_094_5_F_VSA.csv
2,11,Old,95,95_0,0,M,1,Y,,,,8:56:00 PM,,33.1,5/16/2024,dark,DT,6:08:00 PM,8:44:00 PM,02:36,"8"" x 10""",White,,,,18,20240516_18.08_C11_095_9_M_VSA.tiff,,,,20240516_18.08_C11_095_9_M_VSA.csv
2,11,Old,95,95_1,1,M,1,Y,6:51:00 AM,,00:46,7:21:00 AM,30,30.9,5/17/2024,light,DT,6:05:00 AM,7:08:00 AM,01:03,"8"" x 10""",White,,,,13,20240517_06.05_C11_095_1_M_VSA.tiff,,,,20240517_06.05_C11_095_1_M_VSA.csv
2,11,Old,95,95_2,2,M,1,Y,6:46:00 AM,,00:42,7:16:00 AM,30,33.6,5/17/2024,light,DT,6:04:00 AM,7:01:00 AM,00:57,"8"" x 10""",White,,,,15,20240517_06.04_C11_095_2_M_VSA.tiff,,,,20240517_06.04_C11_095_2_M_VSA.csv
2,12,Young,2158,3256,3256,F,1,,,,,,,20.0,4/8/2024,light,TR,11:18:00 AM,11:40:00 AM,00:22,,shoe box,,,,1,20240408_11.18_2158_3256_F_R_PBS.tiff,,,,20240408_11.18_2158_3256_F_R_PBS.csv
2,12,Young,2158,3256,3256,F,2,,,,,,,20.9,4/22/2024,light,TR,10:59:00 AM,11:19:00 AM,00:20,,shoe box,,,,1,20240422_10.59_2158_3256_F_R_PBS.tiff,,,,20240422_10.59_2158_3256_F_R_PBS.csv
2,12,Young,2158,3256,3256,F,4,,,,,,,,5/28/2024,dark,DT,5:28:00 PM,6:58:00 PM,01:30,"8"" x 10""",White,,,,27,20240528_17.28_C12_2158_3256_F_VSA.tiff,,,,20240528_17.28_C12_2158_3256_F_VSA.csv
2,12,Young,2158,3256,3256,F,3,,,,,,,,5/28/2024,light,NB,7:39:00 AM,9:10:00 AM,01:31,"8"" x 10""",White,,,,10,20240528_07.39_C12_2158_3256_F_VSA.tiff,,,,20240528_07.39_C12_2158_3256_F_VSA.csv
2,12,Young,2158,3256,3256,F,6,,,,,,,,5/29/2024,dark,DT,5:12:00 PM,6:55:00 PM,01:43,"8"" x 10""",White,,,,12,20240529_17.12_C12_2158_3256_F_VSA.tiff,,,,20240529_17.12_C12_2158_3256_F_VSA.csv
2,12,Young,2158,3256,3256,F,5,,,,,,,,5/29/2024,light,TR,6:05:00 AM,7:35:00 AM,01:30,"8"" x 10""",White,,,,27,20240529_06.05_C12_2158_3256_F_VSA.tiff,,,,20240529_06.05_C12_2158_3256_F_VSA.csv
2,12,Young,2158,3256,3256,F,7,Y,6:17:00 PM,,00:27,6:47:00 PM,30,20.7,6/5/2024,dark,DT,5:50:00 PM,6:32:00 PM,00:42,"8"" x 10""",White,,,,7,20240605_17.50_C12_2158_3256_F_VSA.tiff,,,Y,20240605_17.50_C12_2158_3256_F_VSA_ps.csv
2,12,Young,2159,3257,3257,F,1,,,,,,,19.0,4/8/2024,light,TR,11:48:00 AM,12:10:00 PM,00:22,,shoe box,,,,0,20240408_11.48_2159_3257_F_L_PBS.tiff,Y,,,
2,12,Young,2159,3257,3257,F,2,,,,,,,18.9,4/22/2024,light,TR,11:24:00 AM,11:44:00 AM,00:20,,shoe box,,,,0,20240422_11.24_2159_3257_F_L_PBS.tiff,,,,20240422_11.24_2159_3257_F_L_PBS.csv
2,12,Young,2159,3257,3257,F,3,,,,,,,20.0,4/30/2024,light,TR,10:57:00 AM,11:17:00 AM,00:20,,shoe box,,,,0,20240430_10.57_2159_3257_F_L_noStim.tiff,Y,,,
2,12,Young,2159,3257,3257,F,5,,,,,,,,5/28/2024,dark,DT,5:30:00 PM,7:00:00 PM,01:30,"8"" x 10""",White,,,,5,20240528_17.30_C12_2159_3257_F_VSA.tiff,,,,20240528_17.30_C12_2159_3257_F_VSA.csv
2,12,Young,2159,3257,3257,F,4,,,,,,,,5/28/2024,light,NB,7:42:00 AM,9:10:00 AM,01:28,"8"" x 10""",White,,,,23,20240528_07.42_C12_2159_3257_F_VSA.tiff,,,,20240528_07.42_C12_2159_3257_F_VSA.csv
2,12,Young,2159,3257,3257,F,7,,,,,,,,5/29/2024,dark,DT,5:13:00 PM,6:55:00 PM,01:42,"8"" x 10""",White,,,,5,20240529_17.13_C12_2159_3257_F_VSA.tiff,,,,20240529_17.13_C12_2159_3257_F_VSA.csv
2,12,Young,2159,3257,3257,F,6,,,,,,,,5/29/2024,light,TR,6:08:00 AM,7:38:00 AM,01:30,"8"" x 10""",White,,,,20,20240529_06.08_C12_2159_3257_F_VSA.tiff,,,,20240529_06.08_C12_2159_3257_F_VSA.csv
2,12,Young,2159,3257,3257,F,8,Y,6:27:00 AM,,00:24,6:57:00 AM,30,21.0,6/6/2024,light,DT,6:03:00 AM,6:42:00 AM,00:39,"8"" x 10""",White,,,,8,20240606_06.03_C12_2159_3257_F_VSA.tiff,,,,20240606_06.03_C12_2159_3257_F_VSA.csv
2,12,Young,2158,3258,3258,F,1,,,,,,,20.3,4/8/2024,light,TR,11:18:00 AM,11:40:00 AM,00:22,,shoe box,,,,2,20240408_11.18_2158_3258_F_L_PBS.tiff,Y,,,
2,12,Young,2158,3258,3258,F,2,,,,,,,21.3,4/22/2024,light,TR,11:01:00 AM,11:21:00 AM,00:20,,shoe box,,,,1,20240422_11.01_2158_3258_F_L_PBS.tiff,Y,,,
2,12,Young,2158,3258,3258,F,4,,,,,,,,5/28/2024,dark,DT,5:28:00 PM,6:58:00 PM,01:30,"8"" x 10""",White,,,,5,20240528_17.28_C12_2158_3258_F_VSA.tiff,,,Y,20240528_17.28_C12_2158_3258_F_VSA_ps.csv
2,12,Young,2158,3258,3258,F,3,,,,,,,,5/28/2024,light,NB,7:39:00 AM,9:10:00 AM,01:31,"8"" x 10""",White,,,,14,20240528_07.39_C12_2158_3258_F_VSA.tiff,,,,20240528_07.39_C12_2158_3258_F_VSA.csv
2,12,Young,2158,3258,3258,F,6,,,,,,,,5/29/2024,dark,DT,5:12:00 PM,6:55:00 PM,01:43,"8"" x 10""",White,,,,10,20240529_17.12_C12_2158_3258_F_VSA.tiff,,,,20240529_17.12_C12_2158_3258_F_VSA.csv
2,12,Young,2158,3258,3258,F,5,,,,,,,,5/29/2024,light,TR,6:05:00 AM,7:35:00 AM,01:30,"8"" x 10""",White,,,,16,20240529_06.05_C12_2158_3258_F_VSA.tiff,,,,20240529_06.05_C12_2158_3258_F_VSA.csv
2,12,Young,2158,3258,3258,F,7,Y,6:21:00 AM,,00:17,6:51:00 AM,30,22.4,6/6/2024,light,DT,6:04:00 AM,6:36:00 AM,00:32,"8"" x 10""",White,,,,11,20240606_06.04_C12_2158_3258_F_VSA.tiff,,,Y,20240606_06.04_C12_2158_3258_F_VSA_ps.csv
2,12,Young,2159,3259,3259,F,1,,,,,,,20.8,4/8/2024,light,TR,12:16:00 PM,12:36:00 PM,00:20,,shoe box,,,,3,20240408_12.16_2159_3259_F_R_PBS.tiff,,,,20240408_12.16_2159_3259_F_R_PBS.csv
2,12,Young,2159,3259,3259,F,3,,,,,,,21.7,4/22/2024,light,TR,11:46:00 AM,12:06:00 PM,00:20,,shoe box,,,,3,20240422_11.46_2159_3259_F_R_PBS.tiff,,,,20240422_11.46_2159_3259_F_R_PBS.csv
2,12,Young,2159,3259,3259,F,4,,,,,,,,5/28/2024,dark,DT,5:30:00 PM,7:00:00 PM,01:30,"8"" x 10""",White,,,,9,20240528_17.30_C12_2159_3259_F_VSA.tiff,,,,20240528_17.30_C12_2159_3259_F_VSA.csv
2,12,Young,2159,3259,3259,F,2,,,,,,,,5/28/2024,light,NB,7:40:00 AM,9:10:00 AM,01:30,"8"" x 10""",White,,,,17,20240528_07.40_C12_2159_3259_F_VSA.tiff,,,,20240528_07.40_C12_2159_3259_F_VSA.csv
2,12,Young,2159,3259,3259,F,6,,,,,,,,5/29/2024,dark,DT,5:13:00 PM,6:55:00 PM,01:42,"8"" x 10""",White,,,,7,20240529_17.13_C12_2159_3259_F_VSA.tiff,,,,20240529_17.13_C12_2159_3259_F_VSA.csv
2,12,Young,2159,3259,3259,F,5,,,,,,,,5/29/2024,light,TR,6:08:00 AM,7:38:00 AM,01:30,"8"" x 10""",White,,,,23,20240529_06.08_C12_2159_3259_F_VSA.tiff,,,,20240529_06.08_C12_2159_3259_F_VSA.csv
2,12,Young,2159,3259,3259,F,7,Y,6:54:00 PM,,01:04,7:24:00 PM,30,22.5,6/5/2024,dark,DT,5:50:00 PM,7:09:00 PM,01:19,"8"" x 10""",White,,,,2,20240605_17.50_C12_2159_3259_F_VSA.tiff,,,Y,20240605_17.50_C12_2159_3259_F_VSA_ps.csv
2,12,Young,2158,3260,3260,F,1,,,,,,,20.9,4/8/2024,light,TR,11:46:00 AM,12:09:00 PM,00:23,,shoe box,,,,0,20240408_11.46_2158_3260_F_R_PBS.tiff,,,,20240408_11.46_2158_3260_F_R_PBS.csv
2,12,Young,2158,3260,3260,F,2,,,,,,,21.4,4/22/2024,light,TR,11:22:00 AM,11:42:00 AM,00:20,,shoe box,,,,1,20240422_11.22_2158_3260_F_R_PBS.tiff,,,,20240422_11.22_2158_3260_F_R_PBS.csv
2,12,Young,2158,3260,3260,F,4,,,,,,,,5/28/2024,dark,DT,5:28:00 PM,6:58:00 PM,01:30,"8"" x 10""",White,,,,6,20240528_17.28_C12_2158_3260_F_VSA.tiff,,,,20240528_17.28_C12_2158_3260_F_VSA.csv
2,12,Young,2158,3260,3260,F,3,,,,,,,,5/28/2024,light,NB,7:39:00 AM,9:10:00 AM,01:31,"8"" x 10""",White,,,,9,20240528_07.39_C12_2158_3260_F_VSA.tiff,,,,20240528_07.39_C12_2158_3260_F_VSA.csv
2,12,Young,2158,3260,3260,F,6,,,,,,,,5/29/2024,dark,DT,5:12:00 PM,6:55:00 PM,01:43,"8"" x 10""",White,,,,6,20240529_17.12_C12_2158_3260_F_VSA.tiff,,Y,Y,20240529_17.12_C12_2158_3260_F_VSA_ps.csv
2,12,Young,2158,3260,3260,F,5,,,,,,,,5/29/2024,light,TR,6:05:00 AM,7:35:00 AM,01:30,"8"" x 10""",White,,,,6,20240529_06.05_C12_2158_3260_F_VSA.tiff,,,Y,20240529_06.05_C12_2158_3260_F_VSA_ps.csv
2,12,Young,2158,3260,3260,F,7,Y,6:46:00 AM,,00:42,7:16:00 AM,30,22.1,6/6/2024,light,DT,6:04:00 AM,7:01:00 AM,00:57,"8"" x 10""",White,,,,11,20240606_06.04_C12_2158_3260_F_VSA.tiff,,,,20240606_06.04_C12_2158_3260_F_VSA.csv
2,12,Young,2159,3261,3261,F,1,,,,,,,20.3,4/8/2024,light,TR,12:19:00 PM,12:39:00 PM,00:20,,shoe box,,,,0,20240408_12.19_2159_3261_F_L_PBS.tiff,Y,,,
2,12,Young,2159,3261,3261,F,3,,,,,,,20.3,4/22/2024,light,TR,11:48:00 AM,12:09:00 PM,00:21,,shoe box,,,,2,20240422_11.48_2159_3261_F_L_PBS.tiff,Y,,,
2,12,Young,2159,3261,3261,F,4,,,,,,,,5/28/2024,dark,DT,5:30:00 PM,7:00:00 PM,01:30,"8"" x 10""",White,,,,8,20240528_17.30_C12_2159_3261_F_VSA.tiff,,,,20240528_17.30_C12_2159_3261_F_VSA.csv
2,12,Young,2159,3261,3261,F,2,,,,,,,,5/28/2024,light,NB,7:40:00 AM,9:10:00 AM,01:30,"8"" x 10""",White,,,,26,20240528_07.40_C12_2159_3261_F_VSA.tiff,,,,20240528_07.40_C12_2159_3261_F_VSA.csv
2,12,Young,2159,3261,3261,F,6,,,,,,,,5/29/2024,dark,DT,5:13:00 PM,6:55:00 PM,01:42,"8"" x 10""",White,,,,8,20240529_17.13_C12_2159_3261_F_VSA.tiff,,,,20240529_17.13_C12_2159_3261_F_VSA.csv
2,12,Young,2159,3261,3261,F,5,,,,,,,,5/29/2024,light,TR,6:08:00 AM,7:38:00 AM,01:30,"8"" x 10""",White,,,,,20240529_06.08_C12_2159_3261_F_VSA.tiff,,Y,Y,20240529_06.08_C12_2159_3261_F_VSA_ps.csv
2,12,Young,2159,3261,3261,F,7,Y,7:24:00 PM,,01:34,7:54:00 PM,30,20.1,6/5/2024,dark,DT,5:50:00 PM,7:39:00 PM,01:49,"8"" x 10""",White,,,,7,20240605_17.50_C12_2159_3261_F_VSA.tiff,,,Y,20240605_17.50_C12_2159_3261_F_VSA_ps.csv
2,12,Young,2160,3262,3262,M,1,,,,,,,27.2,4/8/2024,light,TR,12:40:00 PM,1:00:00 PM,00:20,,shoe box,,,,0,20240408_12.40_2160_3262_M_R_PBS.tiff,Y,,,
2,12,Young,2160,3262,3262,M,3,,,,,,,27.9,4/22/2024,light,TR,12:09:00 PM,12:29:00 PM,00:20,,shoe box,,,,0,20240422_12.09_2160_3262_M_R_PBS.tiff,Y,,,
2,12,Young,2160,3262,3262,M,4,,,,,,,,5/30/2024,dark,DT,6:27:00 PM,8:32:00 PM,02:05,"8"" x 10""",White,,,,,20240530_18.27_C12_2160_3262_M_VSA.tiff,,,,20240530_18.27_C12_2160_3262_M_VSA.csv
2,12,Young,2160,3262,3262,M,2,,,,,,,,5/30/2024,light,TR,6:09:00 AM,7:39:00 AM,01:30,"8"" x 10""",White,,,,25,20240530_06.09_C12_2160_3262_M_VSA.tiff,,,,20240530_06.09_C12_2160_3262_M_VSA.csv
2,12,Young,2160,3262,3262,M,6,,,,,,,,5/31/2024,dark,DT,5:20:00 PM,6:50:00 PM,01:30,"8"" x 10""",White,,,,,20240531_17.20_C12_2160_3262_M_VSA.tiff,Y,,,
2,12,Young,2160,3262,3262,M,5,,,,,,,,5/31/2024,light,DT,7:05:00 AM,8:35:00 AM,01:30,"8"" x 10""",White,,,,,20240531_07.05_C12_2160_3262_M_VSA.tiff,,,,20240531_07.05_C12_2160_3262_M_VSA.csv
2,12,Young,2160,3262,3262,M,7,Y,6:56:00 AM,,00:53,7:25:00 AM,29,28.6,6/4/2024,light,DT,6:03:00 AM,7:11:00 AM,01:08,"8"" x 10""",White,,,,9,20240604_06.03_C12_2160_3262_M_VSA.tiff,,,,20240604_06.03_C12_2160_3262_M_VSA.csv
2,12,Young,2160,3263,3263,M,1,,,,,,,26.6,4/8/2024,light,TR,12:45:00 PM,1:05:00 PM,00:20,,shoe box,,,,3,20240408_12.45_2160_3263_M_L_PBS.tiff,Y,,,
2,12,Young,2160,3263,3263,M,3,,,,,,,25.9,4/22/2024,light,TR,12:12:00 PM,12:32:00 PM,00:20,,shoe box,,,,3,20240422_12.12_2160_3263_M_L_PBS.tiff,Y,,,
2,12,Young,2160,3263,3263,M,4,,,,,,,,5/30/2024,dark,DT,6:27:00 PM,8:32:00 PM,02:05,"8"" x 10""",White,,,,,20240530_18.27_C12_2160_3263_M_VSA.tiff,,,,20240530_18.27_C12_2160_3263_M_VSA.csv
2,12,Young,2160,3263,3263,M,2,,,,,,,,5/30/2024,light,TR,6:09:00 AM,7:39:00 AM,01:30,"8"" x 10""",White,,,,20,20240530_06.09_C12_2160_3263_M_VSA.tiff,,,,20240530_06.09_C12_2160_3263_M_VSA.csv
2,12,Young,2160,3263,3263,M,6,,,,,,,,5/31/2024,dark,DT,5:20:00 PM,6:50:00 PM,01:30,"8"" x 10""",White,,,,,20240531_17.20_C12_2160_3263_M_VSA.tiff,,,,20240531_17.20_C12_2160_3263_M_VSA.csv
2,12,Young,2160,3263,3263,M,5,,,,,,,,5/31/2024,light,DT,7:05:00 AM,8:35:00 AM,01:30,"8"" x 10""",White,,,,,20240531_07.05_C12_2160_3263_M_VSA.tiff,,,,20240531_07.05_C12_2160_3263_M_VSA.csv
2,12,Young,2160,3263,3263,M,7,Y,6:50:00 AM,,00:47,7:20:00 AM,30,27.6,6/4/2024,light,DT,6:03:00 AM,7:05:00 AM,01:02,"8"" x 10""",White,,,,3,20240604_06.03_C12_2160_3263_M_VSA.tiff,,,Y,20240604_06.03_C12_2160_3263_M_VSA_ps.csv
2,12,Young,2160,3264,3264,M,1,,,,,,,27.7,4/8/2024,light,TR,1:05:00 PM,1:25:00 PM,00:20,,shoe box,,,,0,20240408_13.05_2160_3264_M_R_PBS.tiff,,,,20240408_13.05_2160_3264_M_R_PBS.csv
2,12,Young,2160,3264,3264,M,3,,,,,,,27.9,4/22/2024,light,TR,12:31:00 PM,12:51:00 PM,00:20,,shoe box,,,,0,20240422_12.31_2160_3264_M_R_PBS.tiff,Y,,,
2,12,Young,2160,3264,3264,M,4,,,,,,,,5/30/2024,dark,DT,6:27:00 PM,8:32:00 PM,02:05,"8"" x 10""",White,,,,,20240530_18.27_C12_2160_3264_M_VSA.tiff,,,,20240530_18.27_C12_2160_3264_M_VSA.csv
2,12,Young,2160,3264,3264,M,2,,,,,,,,5/30/2024,light,TR,6:09:00 AM,7:39:00 AM,01:30,"8"" x 10""",White,,,,17,20240530_06.09_C12_2160_3264_M_VSA.tiff,,,,20240530_06.09_C12_2160_3264_M_VSA.csv
2,12,Young,2160,3264,3264,M,6,,,,,,,,5/31/2024,dark,DT,5:20:00 PM,6:50:00 PM,01:30,"8"" x 10""",White,,,,,20240531_17.20_C12_2160_3264_M_VSA.tiff,,,,20240531_17.20_C12_2160_3264_M_VSA.csv
2,12,Young,2160,3264,3264,M,5,,,,,,,,5/31/2024,light,DT,7:05:00 AM,8:35:00 AM,01:30,"8"" x 10""",White,,,,,20240531_07.05_C12_2160_3264_M_VSA.tiff,,,,20240531_07.05_C12_2160_3264_M_VSA.csv
2,12,Young,2160,3264,3264,M,7,Y,7:11:00 PM,,01:13,7:42:00 PM,31,28.6,6/3/2024,dark,DT,5:58:00 PM,7:26:00 PM,01:28,"8"" x 10""",White,,,,4,20240603_17.58_C12_2160_3264_M_VSA.tiff,,,,20240603_17.58_C12_2160_3264_M_VSA.csv
2,12,Young,2161,3265,3265,M,1,,,,,,,24.2,4/8/2024,light,TR,1:09:00 PM,1:30:00 PM,00:21,,shoe box,,,,0,20240408_13.09_2161_3265_M_L_PBS.tiff,Y,,,
2,12,Young,2161,3265,3265,M,3,,,,,,,24.6,4/22/2024,light,TR,12:34:00 PM,12:54:00 PM,00:20,,shoe box,,,,3,20240422_12.34_2161_3265_M_L_PBS.tiff,,,,20240422_12.34_2161_3265_M_L_PBS.csv
2,12,Young,2161,3265,3265,M,4,,,,,,,,5/30/2024,dark,DT,6:25:00 PM,8:32:00 PM,02:07,"8"" x 10""",White,,,,,20240530_18.25_C12_2161_3265_M_VSA.tiff,,,,20240530_18.25_C12_2161_3265_M_VSA.csv
2,12,Young,2161,3265,3265,M,2,,,,,,,,5/30/2024,light,TR,6:07:00 AM,7:37:00 AM,01:30,"8"" x 10""",White,,,,28,20240530_06.07_C12_2161_3265_M_VSA.tiff,,,,20240530_06.07_C12_2161_3265_M_VSA.csv
2,12,Young,2161,3265,3265,M,6,,,,,,,,5/31/2024,dark,DT,5:20:00 PM,6:50:00 PM,01:30,"8"" x 10""",White,,,,,20240531_17.20_C12_2161_3265_M_VSA.tiff,,,,20240531_17.20_C12_2161_3265_M_VSA.csv
2,12,Young,2161,3265,3265,M,5,,,,,,,,5/31/2024,light,DT,7:05:00 AM,8:35:00 AM,01:30,"8"" x 10""",White,,,,,20240531_07.05_C12_2160_3265_M_VSA.tiff,,,,20240531_07.05_C12_2160_3265_M_VSA.csv
2,12,Young,2161,3265,3265,M,7,Y,6:11:00 AM,,00:07,6:41:00 AM,30,26.6,6/4/2024,light,DT,6:04:00 AM,6:26:00 AM,00:22,"8"" x 10""",White,,,,6,20240604_06.04_C12_2161_3265_M_VSA.tiff,,,,20240604_06.04_C12_2161_3265_M_VSA.csv
2,12,Young,2161,3266,3266,M,1,,,,,,,23.7,4/8/2024,light,TR,1:29:00 PM,1:51:00 PM,00:22,,shoe box,,,,1,20240408_13.29_2161_3266_M_R_PBS.tiff,,,,20240408_13.29_2161_3266_M_R_PBS.csv
2,12,Young,2161,3266,3266,M,3,,,,,,,25.0,4/22/2024,light,TR,12:54:00 PM,1:14:00 PM,00:20,,shoe box,,,,0,20240422_12.54_2161_3266_M_R_PBS.tiff,,,,20240422_12.54_2161_3266_M_R_PBS.csv
2,12,Young,2161,3266,3266,M,4,,,,,,,,5/30/2024,dark,DT,6:25:00 PM,8:32:00 PM,02:07,"8"" x 10""",White,,,,,20240530_18.25_C12_2161_3266_M_VSA.tiff,,,,20240530_18.25_C12_2161_3266_M_VSA.csv
2,12,Young,2161,3266,3266,M,2,,,,,,,,5/30/2024,light,TR,6:07:00 AM,7:37:00 AM,01:30,"8"" x 10""",White,,,,18,20240530_06.07_C12_2161_3266_M_VSA.tiff,,,,20240530_06.07_C12_2161_3266_M_VSA.csv
2,12,Young,2161,3266,3266,M,6,,,,,,,,5/31/2024,dark,DT,5:20:00 PM,6:50:00 PM,01:30,"8"" x 10""",White,,,,,20240531_17.20_C12_2161_3266_M_VSA.tiff,Y,,,
2,12,Young,2161,3266,3266,M,5,,,,,,,,5/31/2024,light,DT,7:05:00 AM,8:35:00 AM,01:30,"8"" x 10""",White,,,,,20240531_07.05_C12_2160_3266_M_VSA.tiff,,Y,Y,20240531_07.05_C12_2160_3266_M_VSA_ps.csv
2,12,Young,2161,3266,3266,M,7,Y,7:06:00 PM,,01:10,7:36:00 PM,30,26.0,6/3/2024,dark,DT,5:56:00 PM,7:21:00 PM,01:25,"8"" x 10""",White,,,,2,20240603_17.56_C12_2161_3266_M_VSA.tiff,,,,20240603_17.56_C12_2161_3266_M_VSA.csv
2,12,Young,2161,3267,3267,M,1,,,,,,,23.0,4/8/2024,light,TR,1:33:00 PM,1:54:00 PM,00:21,,shoe box,,,,4,20240408_13.33_2161_3267_M_L_PBS.tiff,,,,20240408_13.33_2161_3267_M_L_PBS.csv
2,12,Young,2161,3267,3267,M,3,,,,,,,24.0,4/22/2024,light,TR,12:57:00 PM,1:17:00 PM,00:20,,shoe box,,,,2,20240422_12.57_2161_3267_M_L_PBS.tiff,,,,20240422_12.57_2161_3267_M_L_PBS.csv
2,12,Young,2161,3267,3267,M,4,,,,,,,,5/30/2024,dark,DT,6:25:00 PM,8:32:00 PM,02:07,"8"" x 10""",White,,,,,20240530_18.25_C12_2161_3267_M_VSA.tiff,,,,20240530_18.25_C12_2161_3267_M_VSA.csv
2,12,Young,2161,3267,3267,M,2,,,,,,,,5/30/2024,light,TR,6:07:00 AM,7:37:00 AM,01:30,"8"" x 10""",White,,,,16,20240530_06.07_C12_2161_3267_M_VSA.tiff,,,,20240530_06.07_C12_2161_3267_M_VSA.csv
2,12,Young,2161,3267,3267,M,6,,,,,,,,5/31/2024,dark,DT,5:20:00 PM,6:50:00 PM,01:30,"8"" x 10""",White,,,,,20240531_17.20_C12_2161_3267_M_VSA.tiff,Y,,,
2,12,Young,2161,3267,3267,M,5,,,,,,,,5/31/2024,light,DT,7:05:00 AM,8:35:00 AM,01:30,"8"" x 10""",White,,,,,20240531_07.05_C12_2160_3267_M_VSA.tiff,,,Y,20240531_07.05_C12_2160_3267_M_VSA_ps.csv
2,12,Young,2161,3267,3267,M,7,Y,6:52:00 PM,7:04:00 PM,00:56,7:34:00 PM,30,25.7,6/3/2024,light,DT,5:56:00 PM,7:19:00 PM,01:23,"8"" x 10""",White,,,,12,20240603_17.56_C12_2161_3267_M_VSA.tiff,,,,20240603_17.56_C12_2161_3267_M_VSA.csv
3,13,Young,2433,2433_1,1,M,1,,,,,,,,8/22/2024,dark,DT,5:56:00 PM,7:25:00 PM,01:29,"8"" x 10""",White,,,,5,20240822_17.56_C13_2433_01_M_VSA.tiff,,,Y,20240822_17.56_C13_2433_01_M_VSA_ps.csv
3,13,Young,2432,2432_1,1,F,1,,,,,,,,8/22/2024,dark,DT,7:30:00 PM,9:00:00 PM,01:30,"8"" x 10""",White,,,,5,20240822_19.30_C13_2432_01_F_VSA.tiff,,,Y,20240822_19.30_C13_2432_01_F_VSA_ps.csv
3,13,Young,2432,2432_1,1,F,2,,,,,,,,8/23/2024,light,DT,6:00:00 AM,7:30:00 AM,01:30,"8"" x 10""",White,,,,19,20240823_06.00_C13_2432_01_F_VSA.tiff,,,Y,20240823_06.00_C13_2432_01_F_VSA_ps.csv
3,13,Young,2433,2433_1,1,M,2,,,,,,,,8/23/2024,light,DT,6:01:00 AM,7:30:00 AM,01:29,"8"" x 10""",White,,,,21,20240823_06.01_C13_2433_01_M_VSA.tiff,,,Y,20240823_06.01_C13_2433_01_M_VSA_ps.csv
3,13,Young,2432,2432_1,1,F,3,,,,,,,,8/24/2024,dark,DT,5:56:00 PM,7:30:00 PM,01:34,"8"" x 10""",White,,,,8,20240824_18.00_C13_2432_01_F_VSA.tiff,,,Y,20240824_18.00_C13_2432_01_F_VSA_ps.csv
3,13,Young,2433,2433_1,1,M,3,,,,,,,,8/24/2024,dark,DT,7:32:00 PM,9:00:00 PM,01:28,"8"" x 10""",White,,,,7,20240824_19.30_C13_2433_01_M_VSA.tiff,,,,20240824_19.30_C13_2433_01_M_VSA.csv
3,13,Young,2432,2432_1,1,F,4,,,,,,,22.5,8/25/2024,light,DT/WG,7:36:00 AM,9:06:00 AM,01:30,"8"" x 10""",White,,,,15,20240825_07.30_C13_2432_01_F_VSA.tiff,,,Y,20240825_07.30_C13_2432_01_F_VSA_ps.csv
3,13,Young,2433,2433_1,1,M,4,,,,,,,30.0,8/25/2024,light,DT/WG,7:36:00 AM,9:06:00 AM,01:30,"8"" x 10""",White,,,,16,20240825_07.30_C13_2433_01_M_VSA.tiff,,,Y,20240825_07.30_C13_2433_01_M_VSA_ps.csv
3,13,Young,2432,2432_2,2,F,1,,,,,,,,8/22/2024,dark,DT,5:55:00 PM,7:25:00 PM,01:30,"8"" x 10""",White,,,,0,20240822_17.55_C13_2432_02_F_VSA.tiff,,,Y,20240822_17.55_C13_2432_02_F_VSA_ps.csv
3,13,Young,2433,2433_2,2,M,1,,,,,,,,8/22/2024,dark,DT,7:30:00 PM,9:00:00 PM,01:30,"8"" x 10""",White,,,,16,20240822_19.30_C13_2433_02_M_VSA.tiff,,,Y,20240822_19.30_C13_2433_02_M_VSA_ps.csv
3,13,Young,2432,2432_2,2,F,2,,,,,,,,8/23/2024,light,DT,6:00:00 AM,7:30:00 AM,01:30,"8"" x 10""",White,,,,11,20240823_06.00_C13_2432_02_F_VSA.tiff,,,Y,20240823_06.00_C13_2432_02_F_VSA_ps.csv
3,13,Young,2433,2433_2,2,M,2,,,,,,,,8/23/2024,light,DT,6:01:00 AM,7:30:00 AM,01:29,"8"" x 10""",White,,,,23,20240823_06.01_C13_2433_02_M_VSA.tiff,,,Y,20240823_06.01_C13_2433_02_M_VSA_ps.csv
3,13,Young,2433,2433_2,2,M,3,,,,,,,,8/24/2024,dark,DT,5:55:00 PM,7:30:00 PM,01:35,"8"" x 10""",White,,,,9,20240824_18.00_C13_2433_02_M_VSA.tiff,,,Y,20240824_18.00_C13_2433_02_M_VSA_ps.csv
3,13,Young,2432,2432_2,2,F,3,,,,,,,,8/24/2024,dark,DT,7:32:00 PM,9:00:00 PM,01:28,"8"" x 10""",White,,,,1,20240824_19.30_C13_2432_02_F_VSA.tiff,Y,,,
3,13,Young,2432,2432_2,2,F,4,,,,,,,22.3,8/25/2024,light,DT/WG,7:36:00 AM,9:06:00 AM,01:30,"8"" x 10""",White,,,,9,20240825_07.30_C13_2432_02_F_VSA.tiff,,,Y,20240825_07.30_C13_2432_02_F_VSA_ps.csv
3,13,Young,2433,2433_2,2,M,4,,,,,,,26.4,8/25/2024,light,DT/WG,7:36:00 AM,9:06:00 AM,01:30,"8"" x 10""",White,,,,8,20240825_07.30_C13_2433_02_M_VSA.tiff,,,Y,20240825_07.30_C13_2433_02_M_VSA_ps.csv
3,13,Young,2433,2433_3,3,M,1,,,,,,,,8/22/2024,dark,DT,5:56:00 PM,7:25:00 PM,01:29,"8"" x 10""",White,,,,3,20240822_17.56_C13_2433_03_M_VSA.tiff,,,Y,20240822_17.56_C13_2433_03_M_VSA_ps.csv
3,13,Young,2432,2432_3,3,F,1,,,,,,,,8/22/2024,dark,DT,7:30:00 PM,9:00:00 PM,01:30,"8"" x 10""",White,,,,6,20240822_19.30_C13_2432_03_F_VSA.tiff,,,Y,20240822_19.30_C13_2432_03_F_VSA_ps.csv
3,13,Young,2432,2432_3,3,F,2,,,,,,,,8/23/2024,light,DT,7:32:00 AM,9:02:00 AM,01:30,"8"" x 10""",White,,,,4,20240823_07.32_C13_2432_03_F_VSA.tiff,,,Y,20240823_07.32_C13_2432_03_F_VSA_ps.csv
3,13,Young,2433,2433_3,3,M,2,,,,,,,,8/23/2024,light,DT,7:32:00 AM,9:03:00 AM,01:31,"8"" x 10""",White,,,,9,20240823_07.32_C13_2433_03_M_VSA.tiff,,,Y,20240823_07.32_C13_2433_03_M_VSA_ps.csv
3,13,Young,2432,2432_3,3,F,3,,,,,,,,8/24/2024,dark,DT,5:56:00 PM,7:30:00 PM,01:34,"8"" x 10""",White,,,,9,20240824_18.00_C13_2432_03_F_VSA.tiff,,,Y,20240824_18.00_C13_2432_03_F_VSA_ps.csv
3,13,Young,2433,2433_3,3,M,3,,,,,,,,8/24/2024,dark,DT,7:32:00 PM,9:00:00 PM,01:28,"8"" x 10""",White,,,,19,20240824_19.30_C13_2433_03_M_VSA.tiff,,,Y,20240824_19.30_C13_2433_03_M_VSA_ps.csv
3,13,Young,2432,2432_3,3,F,4,,,,,,,22.2,8/25/2024,light,DT,6:05:00 AM,7:35:00 AM,01:30,"8"" x 10""",White,,,,17,20240825_06.05_C13_2432_03_F_VSA.tiff,,,Y,20240825_06.05_C13_2432_03_F_VSA_ps.csv
3,13,Young,2433,2433_3,3,M,4,,,,,,,26.6,8/25/2024,light,DT,6:05:00 AM,7:35:00 AM,01:30,"8"" x 10""",White,,,,23,20240825_06.05_C13_2433_03_M_VSA.tiff,,,Y,20240825_06.05_C13_2433_03_M_VSA_ps.csv
3,13,Young,2432,2432_4,4,F,1,,,,,,,,8/22/2024,dark,DT,5:55:00 PM,7:25:00 PM,01:30,"8"" x 10""",White,,,,2,20240822_17.55_C13_2432_04_F_VSA.tiff,,,Y,20240822_17.55_C13_2432_04_F_VSA_ps.csv
3,13,Young,2433,2433_4,4,M,1,,,,,,,,8/22/2024,dark,DT,7:30:00 PM,9:00:00 PM,01:30,"8"" x 10""",White,,,,17,20240822_19.30_C13_2433_04_M_VSA.tiff,,,Y,20240822_19.30_C13_2433_04_M_VSA_ps.csv
3,13,Young,2432,2432_4,4,F,2,,,,,,,,8/23/2024,light,DT,7:32:00 AM,9:02:00 AM,01:30,"8"" x 10""",White,,,,13,20240823_07.32_C13_2432_04_F_VSA.tiff,,,Y,20240823_07.32_C13_2432_04_F_VSA_ps.csv
3,13,Young,2433,2433_4,4,M,2,,,,,,,,8/23/2024,light,DT,7:32:00 AM,9:03:00 AM,01:31,"8"" x 10""",White,,,,12,20240823_07.32_C13_2433_04_M_VSA.tiff,,,Y,20240823_07.32_C13_2433_04_M_VSA_ps.csv
3,13,Young,2433,2433_4,4,M,3,,,,,,,,8/24/2024,dark,DT,5:55:00 PM,7:30:00 PM,01:35,"8"" x 10""",White,,,,8,20240824_18.00_C13_2433_04_M_VSA.tiff,,,Y,20240824_18.00_C13_2433_04_M_VSA_ps.csv
3,13,Young,2432,2432_4,4,F,3,,,,,,,,8/24/2024,dark,DT,7:32:00 PM,9:00:00 PM,01:28,"8"" x 10""",White,,,,12,20240824_19.30_C13_2432_04_F_VSA.tiff,,,Y,20240824_19.30_C13_2432_04_F_VSA_ps.csv
3,13,Young,2432,2432_4,4,F,4,,,,,,,22.2,8/25/2024,light,DT,6:05:00 AM,7:35:00 AM,01:30,"8"" x 10""",White,,,,22,20240825_06.05_C13_2432_04_F_VSA.tiff,,,Y,20240825_06.05_C13_2432_04_F_VSA_ps.csv
3,13,Young,2433,2433_4,4,M,4,,,,,,,27.2,8/25/2024,light,DT,6:05:00 AM,7:35:00 AM,01:30,"8"" x 10""",White,,,,20,20240825_06.05_C13_2433_04_M_VSA.tiff,,,Y,20240825_06.05_C13_2433_04_M_VSA_ps.csv